onetsoc_code,title,job_zone,routine_cognitive_tasks,manual_tasks,social_tasks,nonroutine_cognitive_tasks,risk_score,risk_label
11-1011.00,Chief Executives,5.0,0.03225806451612903,0.0,0.0967741935483871,0.3225806451612903,1,Low Risk
11-1011.03,Chief Sustainability Officers,5.0,0.2222222222222222,0.0,0.0,0.5555555555555556,1,Low Risk
11-1021.00,General and Operations Managers,4.0,0.11764705882352941,0.058823529411764705,0.058823529411764705,0.17647058823529413,2,Moderate Risk
11-1031.00,Legislators,4.0,0.03333333333333333,0.0,0.13333333333333333,0.16666666666666666,1,Low Risk
11-2011.00,Advertising and Promotions Managers,4.0,0.06666666666666667,0.03333333333333333,0.06666666666666667,0.6,1,Low Risk
11-2021.00,Marketing Managers,4.0,0.1,0.0,0.0,0.5,1,Low Risk
11-2022.00,Sales Managers,4.0,0.29411764705882354,0.0,0.0,0.17647058823529413,2,Moderate Risk
11-2032.00,Public Relations Managers,4.0,0.0,0.05,0.15,0.45,0,Low Risk
11-2033.00,Fundraising Managers,4.0,0.0,0.0625,0.0,0.6875,1,Low Risk
11-3012.00,Administrative Services Managers,3.0,0.2777777777777778,0.05555555555555555,0.2222222222222222,0.2777777777777778,0,Low Risk
11-3013.00,Facilities Managers,3.0,0.18181818181818182,0.18181818181818182,0.09090909090909091,0.18181818181818182,2,Moderate Risk
11-3013.01,Security Managers,4.0,0.21428571428571427,0.0,0.10714285714285714,0.42857142857142855,0,Low Risk
11-3021.00,Computer and Information Systems Managers,4.0,0.058823529411764705,0.0,0.11764705882352941,0.4117647058823529,0,Low Risk
11-3031.00,Financial Managers,4.0,0.11764705882352941,0.0,0.11764705882352941,0.35294117647058826,0,Low Risk
11-3031.01,Treasurers and Controllers,4.0,0.2727272727272727,0.0,0.09090909090909091,0.36363636363636365,1,Low Risk
11-3031.03,Investment Fund Managers,5.0,0.25,0.0,0.0,0.4,1,Low Risk
11-3051.00,Industrial Production Managers,4.0,0.38095238095238093,0.0,0.047619047619047616,0.2857142857142857,1,Low Risk
11-3051.01,Quality Control Systems Managers,4.0,0.25925925925925924,0.0,0.07407407407407407,0.2222222222222222,1,Low Risk
11-3051.02,Geothermal Production Managers,3.0,0.23529411764705882,0.11764705882352941,0.058823529411764705,0.7058823529411765,1,Low Risk
11-3051.03,Biofuels Production Managers,4.0,0.35714285714285715,0.14285714285714285,0.0,0.42857142857142855,1,Low Risk
11-3051.04,Biomass Power Plant Managers,4.0,0.3157894736842105,0.2631578947368421,0.0,0.47368421052631576,1,Low Risk
11-3051.06,Hydroelectric Production Managers,3.0,0.2777777777777778,0.2777777777777778,0.1111111111111111,0.3333333333333333,0,Low Risk
11-3061.00,Purchasing Managers,4.0,0.1111111111111111,0.0,0.0,0.3333333333333333,1,Low Risk
11-3071.00,"Transportation, Storage, and Distribution Managers",4.0,0.36666666666666664,0.03333333333333333,0.0,0.36666666666666664,1,Low Risk
11-3071.04,Supply Chain Managers,4.0,0.23333333333333334,0.03333333333333333,0.1,0.4,1,Low Risk
11-3111.00,Compensation and Benefits Managers,4.0,0.09090909090909091,0.0,0.09090909090909091,0.36363636363636365,1,Low Risk
11-3121.00,Human Resources Managers,4.0,0.038461538461538464,0.0,0.15384615384615385,0.38461538461538464,0,Low Risk
11-3131.00,Training and Development Managers,4.0,0.08333333333333333,0.0,0.0,0.6666666666666666,1,Low Risk
11-9013.00,"Farmers, Ranchers, and Other Agricultural Managers",4.0,0.26666666666666666,0.03333333333333333,0.1,0.36666666666666664,1,Low Risk
11-9021.00,Construction Managers,4.0,0.12,0.0,0.0,0.4,1,Low Risk
11-9031.00,"Education and Childcare Administrators, Preschool and Daycare",4.0,0.23529411764705882,0.0,0.35294117647058826,0.35294117647058826,0,Low Risk
11-9032.00,"Education Administrators, Kindergarten through Secondary",5.0,0.0625,0.03125,0.40625,0.40625,0,Low Risk
11-9033.00,"Education Administrators, Postsecondary",5.0,0.18518518518518517,0.0,0.25925925925925924,0.37037037037037035,0,Low Risk
11-9039.00,"Education Administrators, All Other",,0.0,0.0,0.0,0.0,2,Moderate Risk
11-9041.00,Architectural and Engineering Managers,5.0,0.0,0.05263157894736842,0.05263157894736842,0.42105263157894735,1,Low Risk
11-9041.01,Biofuels/Biodiesel Technology and Product Development Managers,4.0,0.4444444444444444,0.0,0.0,0.8333333333333334,2,Moderate Risk
11-9051.00,Food Service Managers,2.0,0.35714285714285715,0.03571428571428571,0.0,0.17857142857142858,3,High Risk
11-9071.00,Gambling Managers,2.0,0.21052631578947367,0.05263157894736842,0.0,0.15789473684210525,3,High Risk
11-9072.00,"Entertainment and Recreation Managers, Except Gambling",4.0,0.11764705882352941,0.11764705882352941,0.0,0.23529411764705882,1,Low Risk
11-9081.00,Lodging Managers,4.0,0.25,0.125,0.08333333333333333,0.16666666666666666,2,Moderate Risk
11-9111.00,Medical and Health Services Managers,4.0,0.2222222222222222,0.0,0.1111111111111111,0.5555555555555556,0,Low Risk
11-9121.00,Natural Sciences Managers,5.0,0.0625,0.0,0.1875,0.75,0,Low Risk
11-9121.01,Clinical Research Coordinators,4.0,0.36363636363636365,0.0,0.18181818181818182,0.2727272727272727,0,Low Risk
11-9121.02,Water Resource Specialists,4.0,0.2857142857142857,0.047619047619047616,0.09523809523809523,0.2857142857142857,1,Low Risk
11-9131.00,Postmasters and Mail Superintendents,2.0,0.23076923076923078,0.0,0.07692307692307693,0.23076923076923078,2,Moderate Risk
11-9141.00,"Property, Real Estate, and Community Association Managers",4.0,0.1111111111111111,0.18518518518518517,0.037037037037037035,0.2962962962962963,1,Low Risk
11-9151.00,Social and Community Service Managers,4.0,0.0625,0.0,0.125,0.4375,0,Low Risk
11-9161.00,Emergency Management Directors,4.0,0.043478260869565216,0.0,0.13043478260869565,0.6956521739130435,0,Low Risk
11-9171.00,Funeral Home Managers,3.0,0.2608695652173913,0.043478260869565216,0.08695652173913043,0.2608695652173913,1,Low Risk
11-9179.00,"Personal Service Managers, All Other",,0.0,0.0,0.0,0.0,2,Moderate Risk
11-9179.01,Fitness and Wellness Coordinators,4.0,0.041666666666666664,0.08333333333333333,0.08333333333333333,0.2916666666666667,1,Low Risk
11-9179.02,Spa Managers,3.0,0.2857142857142857,0.047619047619047616,0.0,0.14285714285714285,2,Moderate Risk
11-9199.00,"Managers, All Other",,0.0,0.0,0.0,0.0,2,Moderate Risk
11-9199.01,Regulatory Affairs Managers,4.0,0.25925925925925924,0.0,0.037037037037037035,0.3333333333333333,1,Low Risk
11-9199.02,Compliance Managers,4.0,0.2413793103448276,0.0,0.10344827586206896,0.1724137931034483,1,Low Risk
11-9199.08,Loss Prevention Managers,4.0,0.18518518518518517,0.07407407407407407,0.037037037037037035,0.18518518518518517,2,Moderate Risk
11-9199.09,Wind Energy Operations Managers,3.0,0.25,0.125,0.125,0.125,1,Low Risk
11-9199.10,Wind Energy Development Managers,4.0,0.26666666666666666,0.0,0.26666666666666666,0.4,0,Low Risk
11-9199.11,Brownfield Redevelopment Specialists and Site Managers,4.0,0.08695652173913043,0.2608695652173913,0.043478260869565216,0.5217391304347826,1,Low Risk
13-1011.00,"Agents and Business Managers of Artists, Performers, and Athletes",4.0,0.07142857142857142,0.0,0.07142857142857142,0.21428571428571427,1,Low Risk
13-1021.00,"Buyers and Purchasing Agents, Farm Products",4.0,0.4166666666666667,0.0,0.08333333333333333,0.0,3,High Risk
13-1022.00,"Wholesale and Retail Buyers, Except Farm Products",3.0,0.15,0.0,0.0,0.2,2,Moderate Risk
13-1023.00,"Purchasing Agents, Except Wholesale, Retail, and Farm Products",4.0,0.3157894736842105,0.0,0.05263157894736842,0.3157894736842105,1,Low Risk
13-1031.00,"Claims Adjusters, Examiners, and Investigators",4.0,0.3103448275862069,0.0,0.20689655172413793,0.1724137931034483,1,Low Risk
13-1032.00,"Insurance Appraisers, Auto Damage",3.0,0.0,0.7142857142857143,0.0,0.2857142857142857,1,Low Risk
13-1041.00,Compliance Officers,4.0,0.1875,0.0,0.1875,0.0625,1,Low Risk
13-1041.01,Environmental Compliance Inspectors,4.0,0.2692307692307692,0.038461538461538464,0.07692307692307693,0.3076923076923077,1,Low Risk
13-1041.03,Equal Opportunity Representatives and Officers,4.0,0.16666666666666666,0.0,0.2222222222222222,0.3333333333333333,0,Low Risk
13-1041.04,Government Property Inspectors and Investigators,3.0,0.23076923076923078,0.0,0.15384615384615385,0.07692307692307693,1,Low Risk
13-1041.06,Coroners,3.0,0.35,0.05,0.15,0.0,1,Low Risk
13-1041.07,Regulatory Affairs Specialists,4.0,0.26666666666666666,0.0,0.1,0.1,2,Moderate Risk
13-1041.08,Customs Brokers,3.0,0.21739130434782608,0.0,0.043478260869565216,0.0,2,Moderate Risk
13-1051.00,Cost Estimators,4.0,0.35714285714285715,0.0,0.0,0.35714285714285715,1,Low Risk
13-1071.00,Human Resources Specialists,4.0,0.3076923076923077,0.0,0.038461538461538464,0.3076923076923077,1,Low Risk
13-1074.00,Farm Labor Contractors,2.0,0.0,0.0,0.0,0.0,3,High Risk
13-1075.00,Labor Relations Specialists,4.0,0.14285714285714285,0.0,0.03571428571428571,0.17857142857142858,2,Moderate Risk
13-1081.00,Logisticians,4.0,0.13636363636363635,0.09090909090909091,0.13636363636363635,0.5454545454545454,0,Low Risk
13-1081.01,Logistics Engineers,4.0,0.26666666666666666,0.03333333333333333,0.1,0.5666666666666667,1,Low Risk
13-1081.02,Logistics Analysts,4.0,0.3548387096774194,0.06451612903225806,0.03225806451612903,0.22580645161290322,1,Low Risk
13-1082.00,Project Management Specialists,4.0,0.4,0.0,0.05,0.2,3,High Risk
13-1111.00,Management Analysts,4.0,0.18181818181818182,0.0,0.0,0.45454545454545453,1,Low Risk
13-1121.00,"Meeting, Convention, and Event Planners",4.0,0.14285714285714285,0.0,0.09523809523809523,0.23809523809523808,1,Low Risk
13-1131.00,Fundraisers,4.0,0.07142857142857142,0.03571428571428571,0.03571428571428571,0.32142857142857145,1,Low Risk
13-1141.00,"Compensation, Benefits, and Job Analysis Specialists",4.0,0.045454545454545456,0.0,0.2727272727272727,0.5,0,Low Risk
13-1151.00,Training and Development Specialists,4.0,0.15,0.0,0.1,0.5,1,Low Risk
13-1161.00,Market Research Analysts and Marketing Specialists,4.0,0.07692307692307693,0.0,0.07692307692307693,0.46153846153846156,1,Low Risk
13-1161.01,Search Marketing Strategists,4.0,0.08333333333333333,0.0,0.1388888888888889,0.4166666666666667,0,Low Risk
13-1199.00,"Business Operations Specialists, All Other",,0.0,0.0,0.0,0.0,2,Moderate Risk
13-1199.04,Business Continuity Planners,4.0,0.14285714285714285,0.0,0.0,0.6190476190476191,1,Low Risk
13-1199.05,Sustainability Specialists,4.0,0.14285714285714285,0.0,0.21428571428571427,0.2857142857142857,0,Low Risk
13-1199.06,Online Merchants,4.0,0.11764705882352941,0.0,0.029411764705882353,0.08823529411764706,2,Moderate Risk
13-1199.07,Security Management Specialists,4.0,0.30434782608695654,0.13043478260869565,0.0,0.43478260869565216,1,Low Risk
13-2011.00,Accountants and Auditors,4.0,0.3448275862068966,0.0,0.034482758620689655,0.3448275862068966,1,Low Risk
13-2022.00,Appraisers of Personal and Business Property,4.0,0.21428571428571427,0.0,0.0,0.07142857142857142,2,Moderate Risk
13-2023.00,Appraisers and Assessors of Real Estate,4.0,0.21428571428571427,0.0,0.07142857142857142,0.14285714285714285,2,Moderate Risk
13-2031.00,Budget Analysts,4.0,0.07692307692307693,0.0,0.07692307692307693,0.3076923076923077,1,Low Risk
13-2041.00,Credit Analysts,4.0,0.18181818181818182,0.0,0.0,0.5454545454545454,1,Low Risk
13-2051.00,Financial and Investment Analysts,4.0,0.07692307692307693,0.0,0.0,0.38461538461538464,1,Low Risk
13-2052.00,Personal Financial Advisors,4.0,0.14285714285714285,0.047619047619047616,0.09523809523809523,0.6190476190476191,1,Low Risk
13-2053.00,Insurance Underwriters,4.0,0.2857142857142857,0.0,0.0,0.14285714285714285,2,Moderate Risk
13-2054.00,Financial Risk Specialists,4.0,0.16666666666666666,0.0,0.03333333333333333,0.36666666666666664,1,Low Risk
13-2061.00,Financial Examiners,4.0,0.35294117647058826,0.0,0.23529411764705882,0.35294117647058826,0,Low Risk
13-2071.00,Credit Counselors,4.0,0.17391304347826086,0.043478260869565216,0.30434782608695654,0.34782608695652173,0,Low Risk
13-2072.00,Loan Officers,4.0,0.16666666666666666,0.0,0.13333333333333333,0.23333333333333334,0,Low Risk
13-2081.00,"Tax Examiners and Collectors, and Revenue Agents",3.0,0.42857142857142855,0.0,0.19047619047619047,0.19047619047619047,2,Moderate Risk
13-2082.00,Tax Preparers,3.0,0.3333333333333333,0.0,0.08333333333333333,0.08333333333333333,2,Moderate Risk
13-2099.00,"Financial Specialists, All Other",,0.0,0.0,0.0,0.0,2,Moderate Risk
13-2099.01,Financial Quantitative Analysts,5.0,0.047619047619047616,0.047619047619047616,0.14285714285714285,0.6666666666666666,0,Low Risk
13-2099.04,"Fraud Examiners, Investigators and Analysts",4.0,0.13043478260869565,0.0,0.043478260869565216,0.17391304347826086,2,Moderate Risk
15-1211.00,Computer Systems Analysts,3.0,0.2727272727272727,0.045454545454545456,0.22727272727272727,0.36363636363636365,0,Low Risk
15-1211.01,Health Informatics Specialists,5.0,0.11764705882352941,0.058823529411764705,0.35294117647058826,0.8823529411764706,0,Low Risk
15-1212.00,Information Security Analysts,4.0,0.5454545454545454,0.0,0.09090909090909091,0.18181818181818182,3,High Risk
15-1221.00,Computer and Information Research Scientists,5.0,0.2,0.0,0.0,0.4,1,Low Risk
15-1231.00,Computer Network Support Specialists,4.0,0.15384615384615385,0.3076923076923077,0.15384615384615385,0.15384615384615385,1,Low Risk
15-1232.00,Computer User Support Specialists,3.0,0.125,0.25,0.125,0.3125,0,Low Risk
15-1241.00,Computer Network Architects,4.0,0.12121212121212122,0.15151515151515152,0.12121212121212122,0.6363636363636364,0,Low Risk
15-1241.01,Telecommunications Engineering Specialists,3.0,0.15384615384615385,0.19230769230769232,0.11538461538461539,0.19230769230769232,1,Low Risk
15-1242.00,Database Administrators,4.0,0.2222222222222222,0.1111111111111111,0.1111111111111111,0.4444444444444444,0,Low Risk
15-1243.00,Database Architects,4.0,0.2,0.04,0.16,0.64,0,Low Risk
15-1243.01,Data Warehousing Specialists,4.0,0.3333333333333333,0.05555555555555555,0.1111111111111111,0.3888888888888889,0,Low Risk
15-1244.00,Network and Computer Systems Administrators,4.0,0.3,0.25,0.05,0.3,1,Low Risk
15-1251.00,Computer Programmers,4.0,0.17647058823529413,0.058823529411764705,0.058823529411764705,0.29411764705882354,1,Low Risk
15-1252.00,Software Developers,4.0,0.17647058823529413,0.17647058823529413,0.0,0.47058823529411764,1,Low Risk
15-1253.00,Software Quality Assurance Analysts and Testers,4.0,0.3,0.1,0.03333333333333333,0.4,1,Low Risk
15-1254.00,Web Developers,3.0,0.20689655172413793,0.034482758620689655,0.2413793103448276,0.5172413793103449,0,Low Risk
15-1255.00,Web and Digital Interface Designers,4.0,0.23333333333333334,0.0,0.1,0.5666666666666667,1,Low Risk
15-1255.01,Video Game Designers,4.0,0.16666666666666666,0.0,0.0,0.5833333333333334,1,Low Risk
15-1299.00,"Computer Occupations, All Other",,0.0,0.0,0.0,0.0,2,Moderate Risk
15-1299.01,Web Administrators,4.0,0.34285714285714286,0.08571428571428572,0.22857142857142856,0.45714285714285713,0,Low Risk
15-1299.02,Geographic Information Systems Technologists and Technicians,3.0,0.06896551724137931,0.0,0.10344827586206896,0.41379310344827586,0,Low Risk
15-1299.03,Document Management Specialists,4.0,0.782608695652174,0.043478260869565216,0.17391304347826086,0.2608695652173913,1,Low Risk
15-1299.04,Penetration Testers,4.0,0.09090909090909091,0.0,0.09090909090909091,0.3181818181818182,1,Low Risk
15-1299.05,Information Security Engineers,4.0,0.25,0.1,0.1,0.3,1,Low Risk
15-1299.06,Digital Forensics Analysts,4.0,0.25,0.0,0.25,0.25,0,Low Risk
15-1299.07,Blockchain Engineers,4.0,0.058823529411764705,0.0,0.058823529411764705,0.5294117647058824,1,Low Risk
15-1299.08,Computer Systems Engineers/Architects,3.0,0.10714285714285714,0.14285714285714285,0.14285714285714285,0.6071428571428571,0,Low Risk
15-1299.09,Information Technology Project Managers,4.0,0.23809523809523808,0.0,0.0,0.38095238095238093,1,Low Risk
15-2011.00,Actuaries,4.0,0.0,0.0,0.4,0.2,1,Low Risk
15-2021.00,Mathematicians,5.0,0.0,0.08333333333333333,0.0,0.5,1,Low Risk
15-2031.00,Operations Research Analysts,5.0,0.058823529411764705,0.0,0.058823529411764705,0.47058823529411764,1,Low Risk
15-2041.00,Statisticians,5.0,0.10526315789473684,0.0,0.0,0.5263157894736842,1,Low Risk
15-2041.01,Biostatisticians,5.0,0.16,0.0,0.08,0.6,1,Low Risk
15-2051.00,Data Scientists,4.0,0.0625,0.125,0.0625,0.25,1,Low Risk
15-2051.01,Business Intelligence Analysts,4.0,0.23529411764705882,0.0,0.17647058823529413,0.29411764705882354,0,Low Risk
15-2051.02,Clinical Data Managers,4.0,0.47619047619047616,0.0,0.09523809523809523,0.38095238095238093,2,Moderate Risk
15-2099.00,"Mathematical Science Occupations, All Other",,0.0,0.0,0.0,0.0,2,Moderate Risk
15-2099.01,Bioinformatics Technicians,4.0,0.21052631578947367,0.05263157894736842,0.05263157894736842,0.3684210526315789,1,Low Risk
17-1011.00,"Architects, Except Landscape and Naval",5.0,0.20833333333333334,0.0,0.08333333333333333,0.625,1,Low Risk
17-1012.00,Landscape Architects,4.0,0.0,0.0,0.10526315789473684,0.8421052631578947,0,Low Risk
17-1021.00,Cartographers and Photogrammetrists,4.0,0.21428571428571427,0.0,0.07142857142857142,0.14285714285714285,2,Moderate Risk
17-1022.00,Surveyors,4.0,0.25,0.0,0.041666666666666664,0.25,1,Low Risk
17-1022.01,Geodetic Surveyors,4.0,0.125,0.0,0.0,0.25,1,Low Risk
17-2011.00,Aerospace Engineers,4.0,0.1875,0.0,0.0,0.8125,1,Low Risk
17-2021.00,Agricultural Engineers,4.0,0.35714285714285715,0.0,0.14285714285714285,0.6428571428571429,0,Low Risk
17-2031.00,Bioengineers and Biomedical Engineers,4.0,0.36666666666666664,0.03333333333333333,0.1,0.6333333333333333,1,Low Risk
17-2041.00,Chemical Engineers,4.0,0.5714285714285714,0.07142857142857142,0.0,0.6428571428571429,2,Moderate Risk
17-2051.00,Civil Engineers,4.0,0.0625,0.1875,0.0625,0.5625,1,Low Risk
17-2051.01,Transportation Engineers,4.0,0.15384615384615385,0.038461538461538464,0.038461538461538464,0.5384615384615384,1,Low Risk
17-2051.02,Water/Wastewater Engineers,4.0,0.03571428571428571,0.14285714285714285,0.03571428571428571,0.75,1,Low Risk
17-2061.00,Computer Hardware Engineers,4.0,0.2777777777777778,0.2222222222222222,0.3333333333333333,0.5555555555555556,0,Low Risk
17-2071.00,Electrical Engineers,4.0,0.045454545454545456,0.2727272727272727,0.18181818181818182,0.4090909090909091,0,Low Risk
17-2072.00,"Electronics Engineers, Except Computer",4.0,0.1,0.3,0.1,0.55,1,Low Risk
17-2072.01,Radio Frequency Identification Device Specialists,4.0,0.19047619047619047,0.09523809523809523,0.047619047619047616,0.23809523809523808,1,Low Risk
17-2081.00,Environmental Engineers,4.0,0.1724137931034483,0.06896551724137931,0.20689655172413793,0.3793103448275862,0,Low Risk
17-2111.00,"Health and Safety Engineers, Except Mining Safety Engineers and Inspectors",4.0,0.1111111111111111,0.037037037037037035,0.037037037037037035,0.4444444444444444,1,Low Risk
17-2111.02,Fire-Prevention and Protection Engineers,4.0,0.07142857142857142,0.07142857142857142,0.0,0.5714285714285714,1,Low Risk
17-2112.00,Industrial Engineers,4.0,0.3,0.05,0.05,0.45,1,Low Risk
17-2112.01,Human Factors Engineers and Ergonomists,5.0,0.23076923076923078,0.038461538461538464,0.07692307692307693,0.5,1,Low Risk
17-2112.02,Validation Engineers,4.0,0.38095238095238093,0.0,0.09523809523809523,0.23809523809523808,1,Low Risk
17-2112.03,Manufacturing Engineers,4.0,0.375,0.041666666666666664,0.08333333333333333,0.625,1,Low Risk
17-2121.00,Marine Engineers and Naval Architects,4.0,0.2,0.2,0.03333333333333333,0.36666666666666664,1,Low Risk
17-2131.00,Materials Engineers,4.0,0.23809523809523808,0.0,0.047619047619047616,0.47619047619047616,1,Low Risk
17-2141.00,Mechanical Engineers,4.0,0.21428571428571427,0.14285714285714285,0.03571428571428571,0.5714285714285714,1,Low Risk
17-2141.01,Fuel Cell Engineers,4.0,0.07692307692307693,0.07692307692307693,0.038461538461538464,0.46153846153846156,1,Low Risk
17-2141.02,Automotive Engineers,4.0,0.04,0.0,0.04,0.6,1,Low Risk
17-2151.00,"Mining and Geological Engineers, Including Mining Safety Engineers",4.0,0.3333333333333333,0.05555555555555555,0.0,0.5555555555555556,1,Low Risk
17-2161.00,Nuclear Engineers,4.0,0.2,0.0,0.0,0.65,1,Low Risk
17-2171.00,Petroleum Engineers,4.0,0.21739130434782608,0.08695652173913043,0.043478260869565216,0.5217391304347826,1,Low Risk
17-2199.00,"Engineers, All Other",,0.0,0.0,0.0,0.0,2,Moderate Risk
17-2199.03,"Energy Engineers, Except Wind and Solar",4.0,0.19047619047619047,0.047619047619047616,0.0,0.42857142857142855,1,Low Risk
17-2199.05,Mechatronics Engineers,4.0,0.34782608695652173,0.0,0.0,0.7391304347826086,1,Low Risk
17-2199.06,Microsystems Engineers,5.0,0.5161290322580645,0.06451612903225806,0.03225806451612903,0.6451612903225806,2,Moderate Risk
17-2199.07,Photonics Engineers,4.0,0.19230769230769232,0.038461538461538464,0.038461538461538464,0.7307692307692307,1,Low Risk
17-2199.08,Robotics Engineers,4.0,0.08333333333333333,0.08333333333333333,0.08333333333333333,0.5416666666666666,1,Low Risk
17-2199.09,Nanosystems Engineers,5.0,0.24,0.12,0.08,0.56,1,Low Risk
17-2199.10,Wind Energy Engineers,4.0,0.25,0.0625,0.0625,0.375,1,Low Risk
17-2199.11,Solar Energy Systems Engineers,4.0,0.3076923076923077,0.23076923076923078,0.07692307692307693,0.6923076923076923,1,Low Risk
17-3011.00,Architectural and Civil Drafters,3.0,0.32142857142857145,0.10714285714285714,0.07142857142857142,0.4642857142857143,1,Low Risk
17-3012.00,Electrical and Electronics Drafters,3.0,0.13333333333333333,0.23333333333333334,0.06666666666666667,0.4,1,Low Risk
17-3013.00,Mechanical Drafters,3.0,0.06666666666666667,0.06666666666666667,0.13333333333333333,0.5333333333333333,0,Low Risk
17-3019.00,"Drafters, All Other",,0.0,0.0,0.0,0.0,2,Moderate Risk
17-3021.00,Aerospace Engineering and Operations Technologists and Technicians,3.0,0.18181818181818182,0.36363636363636365,0.0,0.36363636363636365,1,Low Risk
17-3022.00,Civil Engineering Technologists and Technicians,3.0,0.14285714285714285,0.07142857142857142,0.0,0.5714285714285714,1,Low Risk
17-3023.00,Electrical and Electronic Engineering Technologists and Technicians,3.0,0.16666666666666666,0.3,0.03333333333333333,0.4,1,Low Risk
17-3024.00,Electro-Mechanical and Mechatronics Technologists and Technicians,3.0,0.17857142857142858,0.32142857142857145,0.03571428571428571,0.2857142857142857,1,Low Risk
17-3024.01,Robotics Technicians,3.0,0.13636363636363635,0.36363636363636365,0.045454545454545456,0.22727272727272727,1,Low Risk
17-3025.00,Environmental Engineering Technologists and Technicians,4.0,0.34615384615384615,0.23076923076923078,0.11538461538461539,0.2692307692307692,0,Low Risk
17-3026.00,Industrial Engineering Technologists and Technicians,3.0,0.3,0.13333333333333333,0.03333333333333333,0.43333333333333335,1,Low Risk
17-3026.01,Nanotechnology Engineering Technologists and Technicians,4.0,0.48,0.2,0.08,0.2,3,High Risk
17-3027.00,Mechanical Engineering Technologists and Technicians,3.0,0.26666666666666666,0.13333333333333333,0.13333333333333333,0.5666666666666667,0,Low Risk
17-3027.01,Automotive Engineering Technicians,3.0,0.1111111111111111,0.1111111111111111,0.0,0.3333333333333333,1,Low Risk
17-3028.00,Calibration Technologists and Technicians,3.0,0.0,0.2,0.0,0.26666666666666666,1,Low Risk
17-3029.00,"Engineering Technologists and Technicians, Except Drafters, All Other",,0.0,0.0,0.0,0.0,2,Moderate Risk
17-3029.01,Non-Destructive Testing Specialists,2.0,0.0625,0.125,0.0,0.3125,2,Moderate Risk
17-3029.08,Photonics Technicians,3.0,0.4166666666666667,0.3333333333333333,0.08333333333333333,0.2916666666666667,2,Moderate Risk
17-3031.00,Surveying and Mapping Technicians,3.0,0.16666666666666666,0.06666666666666667,0.03333333333333333,0.16666666666666666,2,Moderate Risk
19-1011.00,Animal Scientists,5.0,0.2222222222222222,0.0,0.1111111111111111,0.4444444444444444,0,Low Risk
19-1012.00,Food Scientists and Technologists,4.0,0.46153846153846156,0.0,0.07692307692307693,0.38461538461538464,2,Moderate Risk
19-1013.00,Soil and Plant Scientists,5.0,0.037037037037037035,0.037037037037037035,0.037037037037037035,0.6666666666666666,1,Low Risk
19-1021.00,Biochemists and Biophysicists,5.0,0.25,0.0,0.041666666666666664,0.6666666666666666,1,Low Risk
19-1022.00,Microbiologists,4.0,0.07142857142857142,0.0,0.07142857142857142,0.5,1,Low Risk
19-1023.00,Zoologists and Wildlife Biologists,4.0,0.07142857142857142,0.0,0.07142857142857142,0.5714285714285714,1,Low Risk
19-1029.00,"Biological Scientists, All Other",,0.0,0.0,0.0,0.0,2,Moderate Risk
19-1029.01,Bioinformatics Scientists,5.0,0.05,0.0,0.05,0.45,1,Low Risk
19-1029.02,Molecular and Cellular Biologists,5.0,0.13636363636363635,0.045454545454545456,0.0,0.6363636363636364,1,Low Risk
19-1029.03,Geneticists,5.0,0.08333333333333333,0.0,0.0,0.7083333333333334,1,Low Risk
19-1029.04,Biologists,5.0,0.045454545454545456,0.0,0.13636363636363635,0.7272727272727273,0,Low Risk
19-1031.00,Conservation Scientists,4.0,0.06666666666666667,0.0,0.06666666666666667,0.6,1,Low Risk
19-1031.02,Range Managers,4.0,0.125,0.0,0.125,0.5625,0,Low Risk
19-1031.03,Park Naturalists,4.0,0.1,0.0,0.1,0.4,1,Low Risk
19-1032.00,Foresters,4.0,0.16,0.0,0.08,0.36,1,Low Risk
19-1041.00,Epidemiologists,5.0,0.0625,0.0,0.25,0.625,0,Low Risk
19-1042.00,"Medical Scientists, Except Epidemiologists",5.0,0.07142857142857142,0.0,0.07142857142857142,0.5,1,Low Risk
19-1099.00,"Life Scientists, All Other",,0.0,0.0,0.0,0.0,2,Moderate Risk
19-2011.00,Astronomers,5.0,0.058823529411764705,0.0,0.11764705882352941,0.5882352941176471,0,Low Risk
19-2012.00,Physicists,5.0,0.0,0.0,0.2,0.5,0,Low Risk
19-2021.00,Atmospheric and Space Scientists,4.0,0.1111111111111111,0.0,0.07407407407407407,0.4444444444444444,1,Low Risk
19-2031.00,Chemists,4.0,0.25,0.0,0.0,0.4166666666666667,1,Low Risk
19-2032.00,Materials Scientists,4.0,0.1875,0.0,0.0625,0.375,1,Low Risk
19-2041.00,"Environmental Scientists and Specialists, Including Health",4.0,0.3181818181818182,0.0,0.09090909090909091,0.5909090909090909,1,Low Risk
19-2041.01,Climate Change Policy Analysts,5.0,0.07142857142857142,0.0,0.14285714285714285,0.35714285714285715,0,Low Risk
19-2041.02,Environmental Restoration Planners,5.0,0.043478260869565216,0.0,0.17391304347826086,0.5217391304347826,0,Low Risk
19-2041.03,Industrial Ecologists,5.0,0.21052631578947367,0.0,0.02631578947368421,0.4473684210526316,1,Low Risk
19-2042.00,"Geoscientists, Except Hydrologists and Geographers",5.0,0.125,0.03125,0.03125,0.625,1,Low Risk
19-2043.00,Hydrologists,5.0,0.16,0.08,0.16,0.64,0,Low Risk
19-2099.00,"Physical Scientists, All Other",,0.0,0.0,0.0,0.0,2,Moderate Risk
19-2099.01,Remote Sensing Scientists and Technologists,4.0,0.125,0.041666666666666664,0.041666666666666664,0.3333333333333333,1,Low Risk
19-3011.00,Economists,5.0,0.07142857142857142,0.0,0.14285714285714285,0.35714285714285715,0,Low Risk
19-3011.01,Environmental Economists,5.0,0.1,0.0,0.15,0.55,0,Low Risk
19-3022.00,Survey Researchers,5.0,0.3125,0.0,0.125,0.4375,0,Low Risk
19-3032.00,Industrial-Organizational Psychologists,5.0,0.0,0.0,0.08,0.56,1,Low Risk
19-3033.00,Clinical and Counseling Psychologists,5.0,0.1,0.0,0.3333333333333333,0.5333333333333333,0,Low Risk
19-3034.00,School Psychologists,5.0,0.10526315789473684,0.0,0.42105263157894735,0.5263157894736842,0,Low Risk
19-3039.00,"Psychologists, All Other",,0.0,0.0,0.0,0.0,2,Moderate Risk
19-3039.02,Neuropsychologists,5.0,0.07142857142857142,0.0,0.07142857142857142,0.2857142857142857,1,Low Risk
19-3039.03,Clinical Neuropsychologists,5.0,0.05555555555555555,0.0,0.16666666666666666,0.16666666666666666,1,Low Risk
19-3041.00,Sociologists,5.0,0.06666666666666667,0.0,0.13333333333333333,0.8666666666666667,0,Low Risk
19-3051.00,Urban and Regional Planners,5.0,0.04,0.0,0.04,0.64,1,Low Risk
19-3091.00,Anthropologists and Archeologists,5.0,0.1,0.03333333333333333,0.2,0.5,0,Low Risk
19-3092.00,Geographers,4.0,0.0,0.08333333333333333,0.16666666666666666,0.3333333333333333,0,Low Risk
19-3093.00,Historians,5.0,0.14285714285714285,0.0,0.14285714285714285,0.38095238095238093,0,Low Risk
19-3094.00,Political Scientists,5.0,0.0,0.0,0.14285714285714285,0.5,0,Low Risk
19-3099.00,"Social Scientists and Related Workers, All Other",,0.0,0.0,0.0,0.0,2,Moderate Risk
19-3099.01,Transportation Planners,4.0,0.09090909090909091,0.0,0.0,0.7727272727272727,1,Low Risk
19-4012.00,Agricultural Technicians,3.0,0.11538461538461539,0.07692307692307693,0.038461538461538464,0.34615384615384615,1,Low Risk
19-4012.01,Precision Agriculture Technicians,3.0,0.13636363636363635,0.13636363636363635,0.045454545454545456,0.4090909090909091,1,Low Risk
19-4013.00,Food Science Technicians,3.0,0.25,0.0625,0.0625,0.1875,2,Moderate Risk
19-4021.00,Biological Technicians,4.0,0.11764705882352941,0.11764705882352941,0.17647058823529413,0.29411764705882354,0,Low Risk
19-4031.00,Chemical Technicians,3.0,0.375,0.125,0.1875,0.375,0,Low Risk
19-4042.00,"Environmental Science and Protection Technicians, Including Health",4.0,0.28,0.04,0.04,0.36,1,Low Risk
19-4043.00,"Geological Technicians, Except Hydrologic Technicians",4.0,0.13793103448275862,0.1724137931034483,0.0,0.27586206896551724,1,Low Risk
19-4044.00,Hydrologic Technicians,3.0,0.1875,0.0625,0.0625,0.5,1,Low Risk
19-4051.00,Nuclear Technicians,3.0,0.16666666666666666,0.16666666666666666,0.05555555555555555,0.1111111111111111,2,Moderate Risk
19-4051.02,Nuclear Monitoring Technicians,3.0,0.3125,0.0625,0.0,0.1875,2,Moderate Risk
19-4061.00,Social Science Research Assistants,4.0,0.09090909090909091,0.045454545454545456,0.09090909090909091,0.5454545454545454,1,Low Risk
19-4071.00,Forest and Conservation Technicians,3.0,0.15,0.05,0.1,0.4,1,Low Risk
19-4092.00,Forensic Science Technicians,3.0,0.16666666666666666,0.041666666666666664,0.041666666666666664,0.25,1,Low Risk
19-4099.00,"Life, Physical, and Social Science Technicians, All Other",,0.0,0.0,0.0,0.0,2,Moderate Risk
19-4099.01,Quality Control Analysts,3.0,0.19230769230769232,0.038461538461538464,0.07692307692307693,0.15384615384615385,2,Moderate Risk
19-4099.03,Remote Sensing Technicians,4.0,0.2857142857142857,0.0,0.0,0.23809523809523808,1,Low Risk
19-5011.00,Occupational Health and Safety Specialists,4.0,0.13636363636363635,0.045454545454545456,0.045454545454545456,0.2727272727272727,1,Low Risk
19-5012.00,Occupational Health and Safety Technicians,3.0,0.15384615384615385,0.07692307692307693,0.07692307692307693,0.19230769230769232,2,Moderate Risk
21-1011.00,Substance Abuse and Behavioral Disorder Counselors,5.0,0.08695652173913043,0.0,0.21739130434782608,0.34782608695652173,0,Low Risk
21-1012.00,"Educational, Guidance, and Career Counselors and Advisors",5.0,0.08571428571428572,0.0,0.6,0.2857142857142857,0,Low Risk
21-1013.00,Marriage and Family Therapists,5.0,0.06666666666666667,0.0,0.6,0.26666666666666666,0,Low Risk
21-1014.00,Mental Health Counselors,5.0,0.18518518518518517,0.0,0.3333333333333333,0.4074074074074074,0,Low Risk
21-1015.00,Rehabilitation Counselors,4.0,0.23529411764705882,0.0,0.17647058823529413,0.6470588235294118,0,Low Risk
21-1019.00,"Counselors, All Other",,0.0,0.0,0.0,0.0,2,Moderate Risk
21-1021.00,"Child, Family, and School Social Workers",4.0,0.09523809523809523,0.0,0.6190476190476191,0.23809523809523808,0,Low Risk
21-1022.00,Healthcare Social Workers,5.0,0.17647058823529413,0.0,0.5882352941176471,0.5294117647058824,0,Low Risk
21-1023.00,Mental Health and Substance Abuse Social Workers,5.0,0.15384615384615385,0.0,0.5384615384615384,0.6153846153846154,0,Low Risk
21-1029.00,"Social Workers, All Other",,0.0,0.0,0.0,0.0,2,Moderate Risk
21-1091.00,Health Education Specialists,4.0,0.0625,0.0,0.125,0.6875,0,Low Risk
21-1092.00,Probation Officers and Correctional Treatment Specialists,4.0,0.047619047619047616,0.0,0.19047619047619047,0.19047619047619047,1,Low Risk
21-1093.00,Social and Human Service Assistants,4.0,0.05263157894736842,0.0,0.47368421052631576,0.10526315789473684,1,Low Risk
21-1094.00,Community Health Workers,4.0,0.17857142857142858,0.0,0.17857142857142858,0.14285714285714285,1,Low Risk
21-1099.00,"Community and Social Service Specialists, All Other",,0.0,0.0,0.0,0.0,2,Moderate Risk
21-2011.00,Clergy,5.0,0.0,0.047619047619047616,0.2857142857142857,0.09523809523809523,1,Low Risk
21-2021.00,"Directors, Religious Activities and Education",4.0,0.05263157894736842,0.0,0.10526315789473684,0.42105263157894735,0,Low Risk
21-2099.00,"Religious Workers, All Other",,0.0,0.0,0.0,0.0,2,Moderate Risk
23-1011.00,Lawyers,5.0,0.13636363636363635,0.0,0.09090909090909091,0.18181818181818182,2,Moderate Risk
23-1012.00,Judicial Law Clerks,5.0,0.3888888888888889,0.0,0.05555555555555555,0.05555555555555555,2,Moderate Risk
23-1021.00,"Administrative Law Judges, Adjudicators, and Hearing Officers",5.0,0.21428571428571427,0.0,0.0,0.14285714285714285,2,Moderate Risk
23-1022.00,"Arbitrators, Mediators, and Conciliators",5.0,0.1,0.0,0.0,0.2,2,Moderate Risk
23-1023.00,"Judges, Magistrate Judges, and Magistrates",5.0,0.09523809523809523,0.0,0.14285714285714285,0.14285714285714285,1,Low Risk
23-2011.00,Paralegals and Legal Assistants,3.0,0.5833333333333334,0.0,0.08333333333333333,0.16666666666666666,3,High Risk
23-2093.00,"Title Examiners, Abstractors, and Searchers",2.0,0.5,0.0,0.0,0.125,4,High Risk
23-2099.00,"Legal Support Workers, All Other",,0.0,0.0,0.0,0.0,2,Moderate Risk
25-1011.00,"Business Teachers, Postsecondary",5.0,0.08,0.0,0.2,0.36,0,Low Risk
25-1021.00,"Computer Science Teachers, Postsecondary",5.0,0.07692307692307693,0.0,0.23076923076923078,0.38461538461538464,0,Low Risk
25-1022.00,"Mathematical Science Teachers, Postsecondary",5.0,0.13043478260869565,0.0,0.21739130434782608,0.34782608695652173,0,Low Risk
25-1031.00,"Architecture Teachers, Postsecondary",5.0,0.09090909090909091,0.0,0.22727272727272727,0.36363636363636365,0,Low Risk
25-1032.00,"Engineering Teachers, Postsecondary",5.0,0.08333333333333333,0.0,0.20833333333333334,0.2916666666666667,0,Low Risk
25-1041.00,"Agricultural Sciences Teachers, Postsecondary",5.0,0.08695652173913043,0.0,0.21739130434782608,0.34782608695652173,0,Low Risk
25-1042.00,"Biological Science Teachers, Postsecondary",5.0,0.07407407407407407,0.037037037037037035,0.2222222222222222,0.25925925925925924,0,Low Risk
25-1043.00,"Forestry and Conservation Science Teachers, Postsecondary",5.0,0.08,0.0,0.2,0.32,0,Low Risk
25-1051.00,"Atmospheric, Earth, Marine, and Space Sciences Teachers, Postsecondary",5.0,0.07692307692307693,0.0,0.2692307692307692,0.3076923076923077,0,Low Risk
25-1052.00,"Chemistry Teachers, Postsecondary",5.0,0.10714285714285714,0.03571428571428571,0.2857142857142857,0.2857142857142857,0,Low Risk
25-1053.00,"Environmental Science Teachers, Postsecondary",5.0,0.08,0.0,0.24,0.28,0,Low Risk
25-1054.00,"Physics Teachers, Postsecondary",5.0,0.08333333333333333,0.041666666666666664,0.20833333333333334,0.2916666666666667,0,Low Risk
25-1061.00,"Anthropology and Archeology Teachers, Postsecondary",5.0,0.07407407407407407,0.0,0.18518518518518517,0.37037037037037035,0,Low Risk
25-1062.00,"Area, Ethnic, and Cultural Studies Teachers, Postsecondary",5.0,0.08695652173913043,0.0,0.21739130434782608,0.34782608695652173,0,Low Risk
25-1063.00,"Economics Teachers, Postsecondary",5.0,0.09090909090909091,0.0,0.22727272727272727,0.3181818181818182,0,Low Risk
25-1064.00,"Geography Teachers, Postsecondary",5.0,0.08,0.0,0.2,0.28,0,Low Risk
25-1065.00,"Political Science Teachers, Postsecondary",5.0,0.09090909090909091,0.0,0.22727272727272727,0.3181818181818182,0,Low Risk
25-1066.00,"Psychology Teachers, Postsecondary",5.0,0.10344827586206896,0.0,0.1724137931034483,0.27586206896551724,0,Low Risk
25-1067.00,"Sociology Teachers, Postsecondary",5.0,0.08333333333333333,0.0,0.20833333333333334,0.2916666666666667,0,Low Risk
25-1069.00,"Social Sciences Teachers, Postsecondary, All Other",,0.0,0.0,0.0,0.0,2,Moderate Risk
25-1071.00,"Health Specialties Teachers, Postsecondary",5.0,0.09090909090909091,0.0,0.22727272727272727,0.3181818181818182,0,Low Risk
25-1072.00,"Nursing Instructors and Teachers, Postsecondary",5.0,0.06896551724137931,0.0,0.27586206896551724,0.2413793103448276,0,Low Risk
25-1081.00,"Education Teachers, Postsecondary",5.0,0.08333333333333333,0.0,0.25,0.3333333333333333,0,Low Risk
25-1082.00,"Library Science Teachers, Postsecondary",5.0,0.08,0.0,0.24,0.36,0,Low Risk
25-1111.00,"Criminal Justice and Law Enforcement Teachers, Postsecondary",5.0,0.08695652173913043,0.0,0.21739130434782608,0.30434782608695654,0,Low Risk
25-1112.00,"Law Teachers, Postsecondary",5.0,0.08695652173913043,0.0,0.21739130434782608,0.30434782608695654,0,Low Risk
25-1113.00,"Social Work Teachers, Postsecondary",5.0,0.08333333333333333,0.0,0.20833333333333334,0.2916666666666667,0,Low Risk
25-1121.00,"Art, Drama, and Music Teachers, Postsecondary",5.0,0.07142857142857142,0.03571428571428571,0.17857142857142858,0.25,0,Low Risk
25-1122.00,"Communications Teachers, Postsecondary",5.0,0.09090909090909091,0.0,0.22727272727272727,0.3181818181818182,0,Low Risk
25-1123.00,"English Language and Literature Teachers, Postsecondary",5.0,0.09090909090909091,0.0,0.2727272727272727,0.21212121212121213,0,Low Risk
25-1124.00,"Foreign Language and Literature Teachers, Postsecondary",5.0,0.08333333333333333,0.0,0.25,0.3333333333333333,0,Low Risk
25-1125.00,"History Teachers, Postsecondary",5.0,0.08,0.0,0.28,0.32,0,Low Risk
25-1126.00,"Philosophy and Religion Teachers, Postsecondary",5.0,0.09090909090909091,0.0,0.22727272727272727,0.3181818181818182,0,Low Risk
25-1192.00,"Family and Consumer Sciences Teachers, Postsecondary",5.0,0.08695652173913043,0.0,0.2608695652173913,0.30434782608695654,0,Low Risk
25-1193.00,"Recreation and Fitness Studies Teachers, Postsecondary",5.0,0.08695652173913043,0.0,0.21739130434782608,0.30434782608695654,0,Low Risk
25-1194.00,"Career/Technical Education Teachers, Postsecondary",3.0,0.15,0.1,0.25,0.35,0,Low Risk
25-1199.00,"Postsecondary Teachers, All Other",,0.0,0.0,0.0,0.0,2,Moderate Risk
25-2011.00,"Preschool Teachers, Except Special Education",3.0,0.08823529411764706,0.029411764705882353,0.4411764705882353,0.29411764705882354,0,Low Risk
25-2012.00,"Kindergarten Teachers, Except Special Education",4.0,0.10810810810810811,0.02702702702702703,0.43243243243243246,0.2972972972972973,0,Low Risk
25-2021.00,"Elementary School Teachers, Except Special Education",4.0,0.10526315789473684,0.0,0.39473684210526316,0.2631578947368421,0,Low Risk
25-2022.00,"Middle School Teachers, Except Special and Career/Technical Education",4.0,0.11428571428571428,0.0,0.4,0.2857142857142857,0,Low Risk
25-2023.00,"Career/Technical Education Teachers, Middle School",4.0,0.12903225806451613,0.0,0.45161290322580644,0.22580645161290322,0,Low Risk
25-2031.00,"Secondary School Teachers, Except Special and Career/Technical Education",4.0,0.125,0.0,0.375,0.25,0,Low Risk
25-2032.00,"Career/Technical Education Teachers, Secondary School",4.0,0.12121212121212122,0.0,0.3939393939393939,0.2727272727272727,0,Low Risk
25-2051.00,"Special Education Teachers, Preschool",5.0,0.08333333333333333,0.0,0.4444444444444444,0.3055555555555556,0,Low Risk
25-2055.00,"Special Education Teachers, Kindergarten",4.0,0.16666666666666666,0.0,0.43333333333333335,0.36666666666666664,0,Low Risk
25-2056.00,"Special Education Teachers, Elementary School",4.0,0.13333333333333333,0.0,0.4,0.36666666666666664,0,Low Risk
25-2057.00,"Special Education Teachers, Middle School",4.0,0.125,0.0,0.425,0.35,0,Low Risk
25-2058.00,"Special Education Teachers, Secondary School",4.0,0.125,0.0,0.4,0.325,0,Low Risk
25-2059.00,"Special Education Teachers, All Other",,0.0,0.0,0.0,0.0,2,Moderate Risk
25-2059.01,Adapted Physical Education Specialists,5.0,0.05,0.0,0.15,0.25,0,Low Risk
25-3011.00,"Adult Basic Education, Adult Secondary Education, and English as a Second Language Instructors",4.0,0.08108108108108109,0.0,0.3783783783783784,0.21621621621621623,0,Low Risk
25-3021.00,Self-Enrichment Teachers,3.0,0.16666666666666666,0.0,0.36666666666666664,0.3333333333333333,0,Low Risk
25-3031.00,"Substitute Teachers, Short-Term",4.0,0.05555555555555555,0.05555555555555555,0.5555555555555556,0.05555555555555555,1,Low Risk
25-3041.00,Tutors,3.0,0.15789473684210525,0.0,0.3157894736842105,0.3157894736842105,0,Low Risk
25-3099.00,"Teachers and Instructors, All Other",,0.0,0.0,0.0,0.0,2,Moderate Risk
25-4011.00,Archivists,5.0,0.46153846153846156,0.0,0.23076923076923078,0.23076923076923078,1,Low Risk
25-4012.00,Curators,5.0,0.13333333333333333,0.13333333333333333,0.0,0.4,1,Low Risk
25-4013.00,Museum Technicians and Conservators,4.0,0.16666666666666666,0.2916666666666667,0.16666666666666666,0.16666666666666666,1,Low Risk
25-4022.00,Librarians and Media Collections Specialists,5.0,0.1,0.06666666666666667,0.13333333333333333,0.36666666666666664,0,Low Risk
25-4031.00,Library Technicians,3.0,0.2903225806451613,0.06451612903225806,0.16129032258064516,0.12903225806451613,1,Low Risk
25-9021.00,Farm and Home Management Educators,5.0,0.2,0.0,0.13333333333333333,0.3333333333333333,0,Low Risk
25-9031.00,Instructional Coordinators,5.0,0.06666666666666667,0.0,0.3,0.6333333333333333,0,Low Risk
25-9042.00,"Teaching Assistants, Preschool, Elementary, Middle, and Secondary School, Except Special Education",3.0,0.17857142857142858,0.07142857142857142,0.5357142857142857,0.07142857142857142,1,Low Risk
25-9043.00,"Teaching Assistants, Special Education",3.0,0.13333333333333333,0.03333333333333333,0.5666666666666667,0.13333333333333333,1,Low Risk
25-9044.00,"Teaching Assistants, Postsecondary",5.0,0.1,0.0,0.3,0.15,1,Low Risk
25-9049.00,"Teaching Assistants, All Other",,0.0,0.0,0.0,0.0,2,Moderate Risk
25-9099.00,"Educational Instruction and Library Workers, All Other",,0.0,0.0,0.0,0.0,2,Moderate Risk
27-1011.00,Art Directors,4.0,0.0,0.0,0.0625,0.4375,1,Low Risk
27-1012.00,Craft Artists,3.0,0.0625,0.0,0.0,0.3125,1,Low Risk
27-1013.00,"Fine Artists, Including Painters, Sculptors, and Illustrators",3.0,0.07142857142857142,0.07142857142857142,0.03571428571428571,0.21428571428571427,1,Low Risk
27-1014.00,Special Effects Artists and Animators,4.0,0.07692307692307693,0.07692307692307693,0.07692307692307693,0.46153846153846156,1,Low Risk
27-1019.00,"Artists and Related Workers, All Other",,0.0,0.0,0.0,0.0,2,Moderate Risk
27-1021.00,Commercial and Industrial Designers,4.0,0.11764705882352941,0.0,0.058823529411764705,0.7058823529411765,1,Low Risk
27-1022.00,Fashion Designers,3.0,0.0,0.0,0.05,0.55,1,Low Risk
27-1023.00,Floral Designers,2.0,0.06666666666666667,0.13333333333333333,0.06666666666666667,0.3333333333333333,2,Moderate Risk
27-1024.00,Graphic Designers,4.0,0.05263157894736842,0.10526315789473684,0.0,0.3157894736842105,1,Low Risk
27-1025.00,Interior Designers,4.0,0.0625,0.0625,0.0,0.8125,1,Low Risk
27-1026.00,Merchandise Displayers and Window Trimmers,3.0,0.041666666666666664,0.20833333333333334,0.0,0.2916666666666667,1,Low Risk
27-1027.00,Set and Exhibit Designers,5.0,0.037037037037037035,0.07407407407407407,0.1111111111111111,0.4444444444444444,0,Low Risk
27-1029.00,"Designers, All Other",,0.0,0.0,0.0,0.0,2,Moderate Risk
27-2011.00,Actors,2.0,0.0,0.1111111111111111,0.0,0.2777777777777778,2,Moderate Risk
27-2012.00,Producers and Directors,4.0,0.16666666666666666,0.06666666666666667,0.03333333333333333,0.3,1,Low Risk
27-2012.03,Media Programming Directors,4.0,0.34782608695652173,0.08695652173913043,0.0,0.30434782608695654,1,Low Risk
27-2012.04,Talent Directors,4.0,0.06666666666666667,0.0,0.2,0.06666666666666667,1,Low Risk
27-2012.05,Media Technical Directors/Managers,4.0,0.3333333333333333,0.06666666666666667,0.06666666666666667,0.06666666666666667,2,Moderate Risk
27-2021.00,Athletes and Sports Competitors,2.0,0.1111111111111111,0.0,0.0,0.2222222222222222,2,Moderate Risk
27-2022.00,Coaches and Scouts,4.0,0.2222222222222222,0.0,0.14814814814814814,0.25925925925925924,0,Low Risk
27-2023.00,"Umpires, Referees, and Other Sports Officials",2.0,0.0625,0.0,0.125,0.125,2,Moderate Risk
27-2031.00,Dancers,3.0,0.07142857142857142,0.14285714285714285,0.07142857142857142,0.07142857142857142,2,Moderate Risk
27-2032.00,Choreographers,3.0,0.1111111111111111,0.16666666666666666,0.16666666666666666,0.2777777777777778,0,Low Risk
27-2041.00,Music Directors and Composers,4.0,0.1,0.0,0.0,0.16666666666666666,2,Moderate Risk
27-2042.00,Musicians and Singers,4.0,0.13793103448275862,0.0,0.06896551724137931,0.10344827586206896,2,Moderate Risk
27-2091.00,"Disc Jockeys, Except Radio",2.0,0.2631578947368421,0.15789473684210525,0.05263157894736842,0.05263157894736842,3,High Risk
27-2099.00,"Entertainers and Performers, Sports and Related Workers, All Other",,0.0,0.0,0.0,0.0,2,Moderate Risk
27-3011.00,Broadcast Announcers and Radio Disc Jockeys,4.0,0.041666666666666664,0.041666666666666664,0.041666666666666664,0.041666666666666664,2,Moderate Risk
27-3023.00,"News Analysts, Reporters, and Journalists",4.0,0.1,0.0,0.06666666666666667,0.3,1,Low Risk
27-3031.00,Public Relations Specialists,4.0,0.0,0.0,0.1111111111111111,0.3333333333333333,0,Low Risk
27-3041.00,Editors,4.0,0.047619047619047616,0.0,0.0,0.23809523809523808,1,Low Risk
27-3042.00,Technical Writers,4.0,0.13333333333333333,0.0,0.2,0.26666666666666666,0,Low Risk
27-3043.00,Writers and Authors,4.0,0.0,0.0,0.0,0.25,1,Low Risk
27-3043.05,"Poets, Lyricists and Creative Writers",4.0,0.0,0.0,0.0625,0.1875,2,Moderate Risk
27-3091.00,Interpreters and Translators,4.0,0.23529411764705882,0.0,0.058823529411764705,0.17647058823529413,2,Moderate Risk
27-3092.00,Court Reporters and Simultaneous Captioners,3.0,0.5714285714285714,0.0,0.0,0.0,3,High Risk
27-3099.00,"Media and Communication Workers, All Other",,0.0,0.0,0.0,0.0,2,Moderate Risk
27-4011.00,Audio and Video Technicians,3.0,0.13793103448275862,0.13793103448275862,0.06896551724137931,0.27586206896551724,1,Low Risk
27-4012.00,Broadcast Technicians,3.0,0.37037037037037035,0.14814814814814814,0.037037037037037035,0.07407407407407407,2,Moderate Risk
27-4014.00,Sound Engineering Technicians,3.0,0.7142857142857143,0.07142857142857142,0.0,0.0,3,High Risk
27-4015.00,Lighting Technicians,3.0,0.0,0.375,0.0625,0.0625,2,Moderate Risk
27-4021.00,Photographers,3.0,0.03571428571428571,0.07142857142857142,0.0,0.10714285714285714,2,Moderate Risk
27-4031.00,"Camera Operators, Television, Video, and Film",3.0,0.047619047619047616,0.38095238095238093,0.047619047619047616,0.14285714285714285,2,Moderate Risk
27-4032.00,Film and Video Editors,4.0,0.13636363636363635,0.13636363636363635,0.0,0.13636363636363635,2,Moderate Risk
27-4099.00,"Media and Communication Equipment Workers, All Other",,0.0,0.0,0.0,0.0,2,Moderate Risk
29-1011.00,Chiropractors,5.0,0.09090909090909091,0.0,0.18181818181818182,0.2727272727272727,0,Low Risk
29-1021.00,"Dentists, General",5.0,0.0,0.1,0.05,0.3,1,Low Risk
29-1022.00,Oral and Maxillofacial Surgeons,5.0,0.0,0.14285714285714285,0.0,0.21428571428571427,1,Low Risk
29-1023.00,Orthodontists,5.0,0.18181818181818182,0.0,0.09090909090909091,0.45454545454545453,1,Low Risk
29-1024.00,Prosthodontists,5.0,0.08333333333333333,0.08333333333333333,0.08333333333333333,0.25,1,Low Risk
29-1029.00,"Dentists, All Other Specialists",,0.0,0.0,0.0,0.0,2,Moderate Risk
29-1031.00,Dietitians and Nutritionists,5.0,0.14285714285714285,0.0,0.42857142857142855,0.6428571428571429,0,Low Risk
29-1041.00,Optometrists,5.0,0.0,0.1,0.4,0.1,1,Low Risk
29-1051.00,Pharmacists,5.0,0.2,0.0,0.2,0.25,0,Low Risk
29-1071.00,Physician Assistants,5.0,0.08333333333333333,0.0,0.4166666666666667,0.16666666666666666,1,Low Risk
29-1071.01,Anesthesiologist Assistants,5.0,0.3125,0.0,0.4375,0.0625,1,Low Risk
29-1081.00,Podiatrists,5.0,0.09090909090909091,0.0,0.2727272727272727,0.0,1,Low Risk
29-1122.00,Occupational Therapists,5.0,0.058823529411764705,0.058823529411764705,0.35294117647058826,0.4117647058823529,0,Low Risk
29-1122.01,"Low Vision Therapists, Orientation and Mobility Specialists, and Vision Rehabilitation Therapists",5.0,0.09523809523809523,0.0,0.38095238095238093,0.23809523809523808,0,Low Risk
29-1123.00,Physical Therapists,5.0,0.20833333333333334,0.041666666666666664,0.3333333333333333,0.2916666666666667,0,Low Risk
29-1124.00,Radiation Therapists,3.0,0.2727272727272727,0.045454545454545456,0.3181818181818182,0.18181818181818182,1,Low Risk
29-1125.00,Recreational Therapists,4.0,0.18181818181818182,0.0,0.2727272727272727,0.6363636363636364,0,Low Risk
29-1126.00,Respiratory Therapists,3.0,0.09090909090909091,0.09090909090909091,0.36363636363636365,0.13636363636363635,1,Low Risk
29-1127.00,Speech-Language Pathologists,5.0,0.08695652173913043,0.0,0.2608695652173913,0.391304347826087,0,Low Risk
29-1128.00,Exercise Physiologists,4.0,0.04,0.0,0.16,0.24,0,Low Risk
29-1129.00,"Therapists, All Other",,0.0,0.0,0.0,0.0,2,Moderate Risk
29-1129.01,Art Therapists,5.0,0.24,0.0,0.2,0.32,0,Low Risk
29-1129.02,Music Therapists,4.0,0.1,0.0,0.16666666666666666,0.43333333333333335,0,Low Risk
29-1131.00,Veterinarians,5.0,0.047619047619047616,0.047619047619047616,0.19047619047619047,0.14285714285714285,1,Low Risk
29-1141.00,Registered Nurses,4.0,0.18518518518518517,0.0,0.25925925925925924,0.25925925925925924,0,Low Risk
29-1141.01,Acute Care Nurses,4.0,0.14814814814814814,0.037037037037037035,0.4074074074074074,0.37037037037037035,0,Low Risk
29-1141.02,Advanced Practice Psychiatric Nurses,5.0,0.16666666666666666,0.0,0.08333333333333333,0.375,1,Low Risk
29-1141.03,Critical Care Nurses,4.0,0.27586206896551724,0.0,0.3103448275862069,0.2413793103448276,0,Low Risk
29-1141.04,Clinical Nurse Specialists,5.0,0.16666666666666666,0.0,0.5333333333333333,0.5333333333333333,0,Low Risk
29-1151.00,Nurse Anesthetists,5.0,0.125,0.08333333333333333,0.20833333333333334,0.16666666666666666,1,Low Risk
29-1161.00,Nurse Midwives,5.0,0.2857142857142857,0.0,0.42857142857142855,0.3333333333333333,0,Low Risk
29-1171.00,Nurse Practitioners,5.0,0.1111111111111111,0.0,0.48148148148148145,0.2222222222222222,0,Low Risk
29-1181.00,Audiologists,5.0,0.13636363636363635,0.09090909090909091,0.36363636363636365,0.3181818181818182,0,Low Risk
29-1211.00,Anesthesiologists,5.0,0.16666666666666666,0.0,0.2222222222222222,0.1111111111111111,1,Low Risk
29-1212.00,Cardiologists,5.0,0.28,0.04,0.08,0.2,2,Moderate Risk
29-1213.00,Dermatologists,5.0,0.05555555555555555,0.0,0.05555555555555555,0.16666666666666666,2,Moderate Risk
29-1214.00,Emergency Medicine Physicians,5.0,0.17647058823529413,0.0,0.23529411764705882,0.29411764705882354,0,Low Risk
29-1215.00,Family Medicine Physicians,5.0,0.25,0.0,0.3333333333333333,0.25,0,Low Risk
29-1216.00,General Internal Medicine Physicians,5.0,0.15789473684210525,0.05263157894736842,0.15789473684210525,0.21052631578947367,0,Low Risk
29-1217.00,Neurologists,5.0,0.08333333333333333,0.0,0.20833333333333334,0.3333333333333333,0,Low Risk
29-1218.00,Obstetricians and Gynecologists,5.0,0.2,0.0,0.26666666666666666,0.26666666666666666,0,Low Risk
29-1221.00,"Pediatricians, General",5.0,0.11764705882352941,0.058823529411764705,0.23529411764705882,0.4117647058823529,0,Low Risk
29-1222.00,"Physicians, Pathologists",5.0,0.0,0.0,0.05263157894736842,0.3157894736842105,1,Low Risk
29-1223.00,Psychiatrists,5.0,0.08333333333333333,0.0,0.3333333333333333,0.4166666666666667,0,Low Risk
29-1224.00,Radiologists,5.0,0.23333333333333334,0.0,0.1,0.26666666666666666,1,Low Risk
29-1229.00,"Physicians, All Other",,0.0,0.0,0.0,0.0,2,Moderate Risk
29-1229.01,Allergists and Immunologists,5.0,0.0625,0.0,0.125,0.25,0,Low Risk
29-1229.02,Hospitalists,5.0,0.0,0.0,0.35714285714285715,0.21428571428571427,0,Low Risk
29-1229.03,Urologists,5.0,0.07142857142857142,0.0,0.21428571428571427,0.07142857142857142,1,Low Risk
29-1229.04,Physical Medicine and Rehabilitation Physicians,5.0,0.13333333333333333,0.0,0.06666666666666667,0.13333333333333333,2,Moderate Risk
29-1229.05,Preventive Medicine Physicians,5.0,0.13333333333333333,0.0,0.2,0.26666666666666666,0,Low Risk
29-1229.06,Sports Medicine Physicians,5.0,0.07407407407407407,0.0,0.18518518518518517,0.2962962962962963,0,Low Risk
29-1241.00,"Ophthalmologists, Except Pediatric",5.0,0.05555555555555555,0.05555555555555555,0.1111111111111111,0.2777777777777778,0,Low Risk
29-1242.00,"Orthopedic Surgeons, Except Pediatric",5.0,0.0,0.06666666666666667,0.13333333333333333,0.26666666666666666,0,Low Risk
29-1243.00,Pediatric Surgeons,5.0,0.05555555555555555,0.05555555555555555,0.16666666666666666,0.2777777777777778,0,Low Risk
29-1249.00,"Surgeons, All Other",,0.0,0.0,0.0,0.0,2,Moderate Risk
29-1291.00,Acupuncturists,5.0,0.1111111111111111,0.0,0.1111111111111111,0.2222222222222222,0,Low Risk
29-1292.00,Dental Hygienists,3.0,0.0625,0.125,0.0625,0.0625,2,Moderate Risk
29-1299.00,"Healthcare Diagnosing or Treating Practitioners, All Other",,0.0,0.0,0.0,0.0,2,Moderate Risk
29-1299.01,Naturopathic Physicians,5.0,0.2,0.0,0.15,0.05,1,Low Risk
29-1299.02,Orthoptists,5.0,0.0,0.0625,0.0625,0.375,1,Low Risk
29-2011.00,Medical and Clinical Laboratory Technologists,4.0,0.13333333333333333,0.13333333333333333,0.13333333333333333,0.3333333333333333,0,Low Risk
29-2011.01,Cytogenetic Technologists,4.0,0.1,0.0,0.1,0.16666666666666666,2,Moderate Risk
29-2011.02,Cytotechnologists,5.0,0.07692307692307693,0.07692307692307693,0.15384615384615385,0.15384615384615385,1,Low Risk
29-2011.04,Histotechnologists,4.0,0.125,0.0625,0.125,0.1875,1,Low Risk
29-2012.00,Medical and Clinical Laboratory Technicians,3.0,0.15384615384615385,0.07692307692307693,0.07692307692307693,0.3076923076923077,1,Low Risk
29-2012.01,Histology Technicians,3.0,0.125,0.125,0.0,0.0,2,Moderate Risk
29-2031.00,Cardiovascular Technologists and Technicians,3.0,0.42857142857142855,0.14285714285714285,0.14285714285714285,0.14285714285714285,2,Moderate Risk
29-2032.00,Diagnostic Medical Sonographers,3.0,0.4,0.1,0.15,0.05,2,Moderate Risk
29-2033.00,Nuclear Medicine Technologists,3.0,0.23529411764705882,0.0,0.058823529411764705,0.11764705882352941,2,Moderate Risk
29-2034.00,Radiologic Technologists and Technicians,3.0,0.23333333333333334,0.13333333333333333,0.13333333333333333,0.06666666666666667,1,Low Risk
29-2035.00,Magnetic Resonance Imaging Technologists,3.0,0.16666666666666666,0.08333333333333333,0.0,0.08333333333333333,2,Moderate Risk
29-2036.00,Medical Dosimetrists,4.0,0.3157894736842105,0.0,0.10526315789473684,0.47368421052631576,0,Low Risk
29-2042.00,Emergency Medical Technicians,3.0,0.16666666666666666,0.08333333333333333,0.3333333333333333,0.08333333333333333,1,Low Risk
29-2043.00,Paramedics,3.0,0.07692307692307693,0.07692307692307693,0.38461538461538464,0.07692307692307693,1,Low Risk
29-2051.00,Dietetic Technicians,3.0,0.23076923076923078,0.0,0.46153846153846156,0.46153846153846156,0,Low Risk
29-2052.00,Pharmacy Technicians,3.0,0.23809523809523808,0.09523809523809523,0.14285714285714285,0.0,1,Low Risk
29-2053.00,Psychiatric Technicians,3.0,0.1875,0.0625,0.25,0.25,0,Low Risk
29-2055.00,Surgical Technologists,3.0,0.1875,0.125,0.375,0.0,1,Low Risk
29-2056.00,Veterinary Technologists and Technicians,3.0,0.1935483870967742,0.0967741935483871,0.1935483870967742,0.06451612903225806,1,Low Risk
29-2057.00,Ophthalmic Medical Technicians,3.0,0.1,0.2,0.2,0.0,1,Low Risk
29-2061.00,Licensed Practical and Licensed Vocational Nurses,3.0,0.13636363636363635,0.09090909090909091,0.36363636363636365,0.09090909090909091,1,Low Risk
29-2072.00,Medical Records Specialists,3.0,0.5882352941176471,0.058823529411764705,0.058823529411764705,0.17647058823529413,3,High Risk
29-2081.00,"Opticians, Dispensing",3.0,0.09523809523809523,0.14285714285714285,0.14285714285714285,0.09523809523809523,1,Low Risk
29-2091.00,Orthotists and Prosthetists,5.0,0.13333333333333333,0.06666666666666667,0.2,0.3333333333333333,0,Low Risk
29-2092.00,Hearing Aid Specialists,3.0,0.0,0.09090909090909091,0.2727272727272727,0.2727272727272727,0,Low Risk
29-2099.00,"Health Technologists and Technicians, All Other",,0.0,0.0,0.0,0.0,2,Moderate Risk
29-2099.01,Neurodiagnostic Technologists,3.0,0.25,0.125,0.125,0.0625,1,Low Risk
29-2099.05,Ophthalmic Medical Technologists,3.0,0.12903225806451613,0.03225806451612903,0.06451612903225806,0.0,2,Moderate Risk
29-2099.08,Patient Representatives,3.0,0.0,0.0,0.3076923076923077,0.3076923076923077,0,Low Risk
29-9021.00,Health Information Technologists and Medical Registrars,3.0,0.375,0.0625,0.3125,0.375,0,Low Risk
29-9091.00,Athletic Trainers,5.0,0.08695652173913043,0.043478260869565216,0.2608695652173913,0.21739130434782608,0,Low Risk
29-9092.00,Genetic Counselors,5.0,0.05263157894736842,0.0,0.42105263157894735,0.42105263157894735,0,Low Risk
29-9093.00,Surgical Assistants,3.0,0.07142857142857142,0.14285714285714285,0.17857142857142858,0.0,1,Low Risk
29-9099.00,"Healthcare Practitioners and Technical Workers, All Other",,0.0,0.0,0.0,0.0,2,Moderate Risk
29-9099.01,Midwives,5.0,0.2222222222222222,0.027777777777777776,0.19444444444444445,0.2222222222222222,0,Low Risk
31-1121.00,Home Health Aides,2.0,0.13333333333333333,0.06666666666666667,0.5333333333333333,0.06666666666666667,2,Moderate Risk
31-1122.00,Personal Care Aides,2.0,0.18181818181818182,0.18181818181818182,0.6363636363636364,0.18181818181818182,2,Moderate Risk
31-1131.00,Nursing Assistants,3.0,0.15151515151515152,0.12121212121212122,0.2727272727272727,0.030303030303030304,1,Low Risk
31-1132.00,Orderlies,2.0,0.13636363636363635,0.22727272727272727,0.22727272727272727,0.0,2,Moderate Risk
31-1133.00,Psychiatric Aides,2.0,0.17647058823529413,0.058823529411764705,0.23529411764705882,0.11764705882352941,2,Moderate Risk
31-2011.00,Occupational Therapy Assistants,3.0,0.13636363636363635,0.09090909090909091,0.36363636363636365,0.22727272727272727,0,Low Risk
31-2012.00,Occupational Therapy Aides,3.0,0.06666666666666667,0.06666666666666667,0.3333333333333333,0.13333333333333333,1,Low Risk
31-2021.00,Physical Therapist Assistants,3.0,0.14285714285714285,0.14285714285714285,0.38095238095238093,0.14285714285714285,1,Low Risk
31-2022.00,Physical Therapist Aides,2.0,0.10526315789473684,0.10526315789473684,0.3684210526315789,0.10526315789473684,2,Moderate Risk
31-9011.00,Massage Therapists,3.0,0.07142857142857142,0.0,0.14285714285714285,0.14285714285714285,1,Low Risk
31-9091.00,Dental Assistants,3.0,0.25,0.125,0.125,0.0,1,Low Risk
31-9092.00,Medical Assistants,3.0,0.2,0.15,0.05,0.0,2,Moderate Risk
31-9093.00,Medical Equipment Preparers,2.0,0.26666666666666666,0.26666666666666666,0.13333333333333333,0.0,2,Moderate Risk
31-9094.00,Medical Transcriptionists,3.0,0.4666666666666667,0.0,0.13333333333333333,0.06666666666666667,2,Moderate Risk
31-9095.00,Pharmacy Aides,2.0,0.42857142857142855,0.14285714285714285,0.07142857142857142,0.0,4,High Risk
31-9096.00,Veterinary Assistants and Laboratory Animal Caretakers,2.0,0.14285714285714285,0.10714285714285714,0.14285714285714285,0.07142857142857142,2,Moderate Risk
31-9097.00,Phlebotomists,3.0,0.13043478260869565,0.043478260869565216,0.08695652173913043,0.0,2,Moderate Risk
31-9099.00,"Healthcare Support Workers, All Other",,0.0,0.0,0.0,0.0,2,Moderate Risk
31-9099.01,Speech-Language Pathology Assistants,3.0,0.2727272727272727,0.0,0.45454545454545453,0.2727272727272727,0,Low Risk
31-9099.02,Endoscopy Technicians,2.0,0.16666666666666666,0.16666666666666666,0.08333333333333333,0.08333333333333333,3,High Risk
33-1011.00,First-Line Supervisors of Correctional Officers,3.0,0.17391304347826086,0.0,0.0,0.08695652173913043,2,Moderate Risk
33-1012.00,First-Line Supervisors of Police and Detectives,2.0,0.15,0.05,0.05,0.2,3,High Risk
33-1021.00,First-Line Supervisors of Firefighting and Prevention Workers,3.0,0.16666666666666666,0.06666666666666667,0.1,0.2,2,Moderate Risk
33-1091.00,First-Line Supervisors of Security Workers,2.0,0.2857142857142857,0.0,0.047619047619047616,0.047619047619047616,3,High Risk
33-1099.00,"First-Line Supervisors of Protective Service Workers, All Other",,0.0,0.0,0.0,0.0,2,Moderate Risk
33-2011.00,Firefighters,3.0,0.03333333333333333,0.2,0.06666666666666667,0.03333333333333333,2,Moderate Risk
33-2021.00,Fire Inspectors and Investigators,3.0,0.1,0.1,0.1,0.2,2,Moderate Risk
33-2022.00,Forest Fire Inspectors and Prevention Specialists,3.0,0.0625,0.0625,0.0,0.0,2,Moderate Risk
33-3011.00,Bailiffs,3.0,0.06666666666666667,0.06666666666666667,0.13333333333333333,0.0,1,Low Risk
33-3012.00,Correctional Officers and Jailers,2.0,0.18518518518518517,0.037037037037037035,0.2222222222222222,0.0,2,Moderate Risk
33-3021.00,Detectives and Criminal Investigators,3.0,0.3,0.0,0.23333333333333334,0.06666666666666667,1,Low Risk
33-3021.02,Police Identification and Records Officers,3.0,0.3125,0.0625,0.0625,0.0625,2,Moderate Risk
33-3021.06,Intelligence Analysts,4.0,0.19047619047619047,0.047619047619047616,0.0,0.38095238095238093,1,Low Risk
33-3031.00,Fish and Game Wardens,4.0,0.125,0.041666666666666664,0.16666666666666666,0.125,1,Low Risk
33-3041.00,Parking Enforcement Workers,2.0,0.18181818181818182,0.045454545454545456,0.09090909090909091,0.0,3,High Risk
33-3051.00,Police and Sheriff's Patrol Officers,3.0,0.13333333333333333,0.03333333333333333,0.16666666666666666,0.03333333333333333,1,Low Risk
33-3051.04,Customs and Border Protection Officers,3.0,0.09090909090909091,0.09090909090909091,0.0,0.09090909090909091,2,Moderate Risk
33-3052.00,Transit and Railroad Police,3.0,0.16666666666666666,0.08333333333333333,0.0,0.08333333333333333,2,Moderate Risk
33-9011.00,Animal Control Workers,2.0,0.0625,0.1875,0.0625,0.0,3,High Risk
33-9021.00,Private Detectives and Investigators,3.0,0.35714285714285715,0.0,0.07142857142857142,0.07142857142857142,2,Moderate Risk
33-9031.00,Gambling Surveillance Officers and Gambling Investigators,2.0,0.25,0.0,0.25,0.125,2,Moderate Risk
33-9032.00,Security Guards,2.0,0.14285714285714285,0.14285714285714285,0.14285714285714285,0.0,2,Moderate Risk
33-9091.00,Crossing Guards and Flaggers,2.0,0.16666666666666666,0.25,0.08333333333333333,0.16666666666666666,3,High Risk
33-9092.00,"Lifeguards, Ski Patrol, and Other Recreational Protective Service Workers",2.0,0.13333333333333333,0.26666666666666666,0.2,0.0,2,Moderate Risk
33-9093.00,Transportation Security Screeners,2.0,0.34615384615384615,0.038461538461538464,0.0,0.038461538461538464,3,High Risk
33-9094.00,School Bus Monitors,2.0,0.1111111111111111,0.3333333333333333,0.05555555555555555,0.05555555555555555,3,High Risk
33-9099.00,"Protective Service Workers, All Other",,0.0,0.0,0.0,0.0,2,Moderate Risk
33-9099.02,Retail Loss Prevention Specialists,2.0,0.19047619047619047,0.047619047619047616,0.047619047619047616,0.0,3,High Risk
35-1011.00,Chefs and Head Cooks,3.0,0.23809523809523808,0.047619047619047616,0.0,0.19047619047619047,2,Moderate Risk
35-1012.00,First-Line Supervisors of Food Preparation and Serving Workers,2.0,0.15384615384615385,0.07692307692307693,0.038461538461538464,0.34615384615384615,2,Moderate Risk
35-2011.00,"Cooks, Fast Food",2.0,0.05263157894736842,0.15789473684210525,0.15789473684210525,0.05263157894736842,2,Moderate Risk
35-2012.00,"Cooks, Institution and Cafeteria",2.0,0.23529411764705882,0.11764705882352941,0.17647058823529413,0.058823529411764705,2,Moderate Risk
35-2013.00,"Cooks, Private Household",3.0,0.07692307692307693,0.07692307692307693,0.07692307692307693,0.15384615384615385,2,Moderate Risk
35-2014.00,"Cooks, Restaurant",2.0,0.1,0.05,0.15,0.1,2,Moderate Risk
35-2015.00,"Cooks, Short Order",2.0,0.0,0.18181818181818182,0.09090909090909091,0.09090909090909091,3,High Risk
35-2019.00,"Cooks, All Other",,0.0,0.0,0.0,0.0,2,Moderate Risk
35-2021.00,Food Preparation Workers,2.0,0.06451612903225806,0.1935483870967742,0.12903225806451613,0.03225806451612903,2,Moderate Risk
35-3011.00,Bartenders,2.0,0.05,0.15,0.15,0.1,2,Moderate Risk
35-3023.00,Fast Food and Counter Workers,2.0,0.07407407407407407,0.1111111111111111,0.2222222222222222,0.037037037037037035,2,Moderate Risk
35-3023.01,Baristas,2.0,0.10526315789473684,0.10526315789473684,0.15789473684210525,0.0,2,Moderate Risk
35-3031.00,Waiters and Waitresses,2.0,0.16,0.12,0.12,0.0,2,Moderate Risk
35-3041.00,"Food Servers, Nonrestaurant",2.0,0.2857142857142857,0.14285714285714285,0.14285714285714285,0.0,2,Moderate Risk
35-9011.00,Dining Room and Cafeteria Attendants and Bartender Helpers,2.0,0.0,0.2608695652173913,0.08695652173913043,0.0,3,High Risk
35-9021.00,Dishwashers,2.0,0.0,0.38461538461538464,0.0,0.07692307692307693,3,High Risk
35-9031.00,"Hosts and Hostesses, Restaurant, Lounge, and Coffee Shop",2.0,0.05,0.15,0.15,0.05,2,Moderate Risk
35-9099.00,"Food Preparation and Serving Related Workers, All Other",,0.0,0.0,0.0,0.0,2,Moderate Risk
37-1011.00,First-Line Supervisors of Housekeeping and Janitorial Workers,2.0,0.11538461538461539,0.15384615384615385,0.038461538461538464,0.15384615384615385,3,High Risk
37-1012.00,"First-Line Supervisors of Landscaping, Lawn Service, and Groundskeeping Workers",3.0,0.21428571428571427,0.10714285714285714,0.07142857142857142,0.17857142857142858,2,Moderate Risk
37-2011.00,"Janitors and Cleaners, Except Maids and Housekeeping Cleaners",3.0,0.047619047619047616,0.7142857142857143,0.0,0.0,2,Moderate Risk
37-2012.00,Maids and Housekeeping Cleaners,2.0,0.0,0.45,0.05,0.0,3,High Risk
37-2019.00,"Building Cleaning Workers, All Other",,0.0,0.0,0.0,0.0,2,Moderate Risk
37-2021.00,Pest Control Workers,2.0,0.23076923076923078,0.23076923076923078,0.07692307692307693,0.0,3,High Risk
37-3011.00,Landscaping and Groundskeeping Workers,2.0,0.0,0.2692307692307692,0.19230769230769232,0.34615384615384615,1,Low Risk
37-3012.00,"Pesticide Handlers, Sprayers, and Applicators, Vegetation",2.0,0.0,0.4,0.0,0.4,2,Moderate Risk
37-3013.00,Tree Trimmers and Pruners,2.0,0.0,0.25,0.08333333333333333,0.08333333333333333,3,High Risk
37-3019.00,"Grounds Maintenance Workers, All Other",,0.0,0.0,0.0,0.0,2,Moderate Risk
39-1013.00,First-Line Supervisors of Gambling Services Workers,2.0,0.3333333333333333,0.2,0.06666666666666667,0.13333333333333333,3,High Risk
39-1014.00,"First-Line Supervisors of Entertainment and Recreation Workers, Except Gambling Services",2.0,0.15789473684210525,0.05263157894736842,0.15789473684210525,0.3157894736842105,1,Low Risk
39-1022.00,First-Line Supervisors of Personal Service Workers,3.0,0.058823529411764705,0.058823529411764705,0.058823529411764705,0.23529411764705882,1,Low Risk
39-2011.00,Animal Trainers,2.0,0.06666666666666667,0.06666666666666667,0.2,0.2,2,Moderate Risk
39-2021.00,Animal Caretakers,2.0,0.13636363636363635,0.18181818181818182,0.18181818181818182,0.045454545454545456,2,Moderate Risk
39-3011.00,Gambling Dealers,2.0,0.19047619047619047,0.0,0.0,0.0,3,High Risk
39-3012.00,Gambling and Sports Book Writers and Runners,2.0,0.16666666666666666,0.1111111111111111,0.0,0.0,3,High Risk
39-3019.00,"Gambling Service Workers, All Other",,0.0,0.0,0.0,0.0,2,Moderate Risk
39-3021.00,Motion Picture Projectionists,2.0,0.11764705882352941,0.35294117647058826,0.058823529411764705,0.0,3,High Risk
39-3031.00,"Ushers, Lobby Attendants, and Ticket Takers",2.0,0.13043478260869565,0.08695652173913043,0.21739130434782608,0.043478260869565216,2,Moderate Risk
39-3091.00,Amusement and Recreation Attendants,2.0,0.17647058823529413,0.29411764705882354,0.11764705882352941,0.0,2,Moderate Risk
39-3092.00,Costume Attendants,2.0,0.23809523809523808,0.09523809523809523,0.09523809523809523,0.14285714285714285,3,High Risk
39-3093.00,"Locker Room, Coatroom, and Dressing Room Attendants",2.0,0.17391304347826086,0.21739130434782608,0.043478260869565216,0.043478260869565216,3,High Risk
39-3099.00,"Entertainment Attendants and Related Workers, All Other",,0.0,0.0,0.0,0.0,2,Moderate Risk
39-4011.00,Embalmers,3.0,0.11538461538461539,0.07692307692307693,0.15384615384615385,0.0,1,Low Risk
39-4012.00,Crematory Operators,2.0,0.25,0.16666666666666666,0.08333333333333333,0.0,3,High Risk
39-4021.00,Funeral Attendants,2.0,0.16666666666666666,0.08333333333333333,0.20833333333333334,0.041666666666666664,2,Moderate Risk
39-4031.00,"Morticians, Undertakers, and Funeral Arrangers",3.0,0.18181818181818182,0.09090909090909091,0.09090909090909091,0.13636363636363635,2,Moderate Risk
39-5011.00,Barbers,3.0,0.16666666666666666,0.1111111111111111,0.1111111111111111,0.0,1,Low Risk
39-5012.00,"Hairdressers, Hairstylists, and Cosmetologists",3.0,0.13636363636363635,0.18181818181818182,0.09090909090909091,0.09090909090909091,2,Moderate Risk
39-5091.00,"Makeup Artists, Theatrical and Performance",3.0,0.09090909090909091,0.09090909090909091,0.045454545454545456,0.18181818181818182,2,Moderate Risk
39-5092.00,Manicurists and Pedicurists,2.0,0.2222222222222222,0.2222222222222222,0.16666666666666666,0.1111111111111111,2,Moderate Risk
39-5093.00,Shampooers,2.0,0.25,0.25,0.0,0.0,3,High Risk
39-5094.00,Skincare Specialists,3.0,0.05555555555555555,0.2777777777777778,0.1111111111111111,0.1111111111111111,1,Low Risk
39-6011.00,Baggage Porters and Bellhops,2.0,0.11764705882352941,0.058823529411764705,0.058823529411764705,0.0,3,High Risk
39-6012.00,Concierges,2.0,0.0,0.05555555555555555,0.16666666666666666,0.1111111111111111,2,Moderate Risk
39-7011.00,Tour Guides and Escorts,3.0,0.15789473684210525,0.10526315789473684,0.10526315789473684,0.05263157894736842,1,Low Risk
39-7012.00,Travel Guides,2.0,0.11764705882352941,0.058823529411764705,0.058823529411764705,0.23529411764705882,2,Moderate Risk
39-9011.00,Childcare Workers,2.0,0.08333333333333333,0.041666666666666664,0.375,0.16666666666666666,2,Moderate Risk
39-9011.01,Nannies,2.0,0.15789473684210525,0.10526315789473684,0.47368421052631576,0.42105263157894735,1,Low Risk
39-9031.00,Exercise Trainers and Group Fitness Instructors,3.0,0.1,0.05,0.2,0.15,1,Low Risk
39-9032.00,Recreation Workers,4.0,0.125,0.0,0.041666666666666664,0.3333333333333333,1,Low Risk
39-9041.00,Residential Advisors,3.0,0.03333333333333333,0.06666666666666667,0.23333333333333334,0.2,1,Low Risk
39-9099.00,"Personal Care and Service Workers, All Other",,0.0,0.0,0.0,0.0,2,Moderate Risk
41-1011.00,First-Line Supervisors of Retail Sales Workers,2.0,0.19047619047619047,0.047619047619047616,0.047619047619047616,0.23809523809523808,2,Moderate Risk
41-1012.00,First-Line Supervisors of Non-Retail Sales Workers,4.0,0.16666666666666666,0.0,0.05555555555555555,0.2777777777777778,1,Low Risk
41-2011.00,Cashiers,2.0,0.32142857142857145,0.03571428571428571,0.14285714285714285,0.0,2,Moderate Risk
41-2012.00,Gambling Change Persons and Booth Cashiers,2.0,0.3076923076923077,0.07692307692307693,0.0,0.0,3,High Risk
41-2021.00,Counter and Rental Clerks,2.0,0.125,0.125,0.125,0.0,2,Moderate Risk
41-2022.00,Parts Salespersons,2.0,0.0,0.10526315789473684,0.05263157894736842,0.05263157894736842,3,High Risk
41-2031.00,Retail Salespersons,2.0,0.08333333333333333,0.08333333333333333,0.125,0.0,2,Moderate Risk
41-3011.00,Advertising Sales Agents,4.0,0.1,0.0,0.15,0.15,1,Low Risk
41-3021.00,Insurance Sales Agents,4.0,0.15789473684210525,0.05263157894736842,0.05263157894736842,0.3684210526315789,1,Low Risk
41-3031.00,"Securities, Commodities, and Financial Services Sales Agents",4.0,0.2,0.03333333333333333,0.03333333333333333,0.13333333333333333,2,Moderate Risk
41-3041.00,Travel Agents,3.0,0.125,0.0,0.0,0.125,2,Moderate Risk
41-3091.00,"Sales Representatives of Services, Except Advertising, Insurance, Financial Services, and Travel",2.0,0.13333333333333333,0.0,0.06666666666666667,0.2,3,High Risk
41-4011.00,"Sales Representatives, Wholesale and Manufacturing, Technical and Scientific Products",4.0,0.12121212121212122,0.06060606060606061,0.06060606060606061,0.12121212121212122,2,Moderate Risk
41-4011.07,Solar Sales Representatives and Assessors,3.0,0.07692307692307693,0.07692307692307693,0.0,0.23076923076923078,1,Low Risk
41-4012.00,"Sales Representatives, Wholesale and Manufacturing, Except Technical and Scientific Products",4.0,0.16666666666666666,0.1111111111111111,0.05555555555555555,0.1111111111111111,2,Moderate Risk
41-9011.00,Demonstrators and Product Promoters,2.0,0.09523809523809523,0.047619047619047616,0.0,0.047619047619047616,3,High Risk
41-9012.00,Models,2.0,0.2,0.1,0.0,0.1,3,High Risk
41-9021.00,Real Estate Brokers,4.0,0.11764705882352941,0.058823529411764705,0.0,0.0,2,Moderate Risk
41-9022.00,Real Estate Sales Agents,3.0,0.06060606060606061,0.030303030303030304,0.030303030303030304,0.12121212121212122,2,Moderate Risk
41-9031.00,Sales Engineers,4.0,0.12,0.12,0.16,0.32,0,Low Risk
41-9041.00,Telemarketers,2.0,0.25,0.0,0.0,0.0,3,High Risk
41-9091.00,"Door-to-Door Sales Workers, News and Street Vendors, and Related Workers",2.0,0.08333333333333333,0.0,0.0,0.08333333333333333,3,High Risk
41-9099.00,"Sales and Related Workers, All Other",,0.0,0.0,0.0,0.0,2,Moderate Risk
43-1011.00,First-Line Supervisors of Office and Administrative Support Workers,3.0,0.25,0.03571428571428571,0.03571428571428571,0.42857142857142855,1,Low Risk
43-2011.00,"Switchboard Operators, Including Answering Service",2.0,0.42105263157894735,0.05263157894736842,0.0,0.0,4,High Risk
43-2021.00,Telephone Operators,2.0,0.21428571428571427,0.14285714285714285,0.2857142857142857,0.07142857142857142,2,Moderate Risk
43-2099.00,"Communications Equipment Operators, All Other",,0.0,0.0,0.0,0.0,2,Moderate Risk
43-3011.00,Bill and Account Collectors,2.0,0.5333333333333333,0.0,0.0,0.0,4,High Risk
43-3021.00,Billing and Posting Clerks,3.0,0.5714285714285714,0.07142857142857142,0.03571428571428571,0.03571428571428571,3,High Risk
43-3031.00,"Bookkeeping, Accounting, and Auditing Clerks",3.0,0.6785714285714286,0.07142857142857142,0.0,0.03571428571428571,3,High Risk
43-3041.00,Gambling Cage Workers,2.0,0.29411764705882354,0.0,0.058823529411764705,0.0,3,High Risk
43-3051.00,Payroll and Timekeeping Clerks,3.0,0.42857142857142855,0.0,0.0,0.14285714285714285,3,High Risk
43-3061.00,Procurement Clerks,2.0,0.3157894736842105,0.05263157894736842,0.0,0.05263157894736842,3,High Risk
43-3071.00,Tellers,2.0,0.5714285714285714,0.0,0.07142857142857142,0.10714285714285714,4,High Risk
43-3099.00,"Financial Clerks, All Other",,0.0,0.0,0.0,0.0,2,Moderate Risk
43-4011.00,Brokerage Clerks,3.0,0.5,0.1,0.0,0.1,3,High Risk
43-4021.00,Correspondence Clerks,2.0,0.47058823529411764,0.058823529411764705,0.0,0.058823529411764705,4,High Risk
43-4031.00,"Court, Municipal, and License Clerks",2.0,0.43333333333333335,0.0,0.06666666666666667,0.1,4,High Risk
43-4041.00,"Credit Authorizers, Checkers, and Clerks",2.0,0.3125,0.0,0.0,0.1875,3,High Risk
43-4051.00,Customer Service Representatives,2.0,0.23076923076923078,0.0,0.0,0.3076923076923077,2,Moderate Risk
43-4061.00,"Eligibility Interviewers, Government Programs",3.0,0.29411764705882354,0.0,0.23529411764705882,0.11764705882352941,1,Low Risk
43-4071.00,File Clerks,2.0,0.8421052631578947,0.15789473684210525,0.05263157894736842,0.05263157894736842,4,High Risk
43-4081.00,"Hotel, Motel, and Resort Desk Clerks",2.0,0.2,0.1,0.0,0.1,3,High Risk
43-4111.00,"Interviewers, Except Eligibility and Loan",3.0,0.1875,0.0,0.1875,0.1875,1,Low Risk
43-4121.00,"Library Assistants, Clerical",2.0,0.375,0.09375,0.1875,0.09375,2,Moderate Risk
43-4131.00,Loan Interviewers and Clerks,3.0,0.5555555555555556,0.05555555555555555,0.05555555555555555,0.0,3,High Risk
43-4141.00,New Accounts Clerks,3.0,0.6,0.06666666666666667,0.0,0.0,3,High Risk
43-4151.00,Order Clerks,2.0,0.42105263157894735,0.05263157894736842,0.0,0.05263157894736842,4,High Risk
43-4161.00,"Human Resources Assistants, Except Payroll and Timekeeping",3.0,0.3684210526315789,0.0,0.05263157894736842,0.15789473684210525,2,Moderate Risk
43-4171.00,Receptionists and Information Clerks,2.0,0.5,0.05555555555555555,0.1111111111111111,0.16666666666666666,3,High Risk
43-4181.00,Reservation and Transportation Ticket Agents and Travel Clerks,2.0,0.2857142857142857,0.09523809523809523,0.14285714285714285,0.09523809523809523,2,Moderate Risk
43-4199.00,"Information and Record Clerks, All Other",,0.0,0.0,0.0,0.0,2,Moderate Risk
43-5011.00,Cargo and Freight Agents,2.0,0.20833333333333334,0.16666666666666666,0.041666666666666664,0.125,3,High Risk
43-5011.01,Freight Forwarders,2.0,0.1935483870967742,0.03225806451612903,0.06451612903225806,0.03225806451612903,3,High Risk
43-5021.00,Couriers and Messengers,2.0,0.3333333333333333,0.06666666666666667,0.06666666666666667,0.06666666666666667,3,High Risk
43-5031.00,Public Safety Telecommunicators,2.0,0.2222222222222222,0.05555555555555555,0.05555555555555555,0.1111111111111111,3,High Risk
43-5032.00,"Dispatchers, Except Police, Fire, and Ambulance",2.0,0.4166666666666667,0.08333333333333333,0.0,0.0,4,High Risk
43-5041.00,"Meter Readers, Utilities",2.0,0.08333333333333333,0.16666666666666666,0.0,0.0,3,High Risk
43-5051.00,Postal Service Clerks,2.0,0.15789473684210525,0.0,0.10526315789473684,0.0,2,Moderate Risk
43-5052.00,Postal Service Mail Carriers,2.0,0.14285714285714285,0.0,0.0,0.0,3,High Risk
43-5053.00,"Postal Service Mail Sorters, Processors, and Processing Machine Operators",2.0,0.07142857142857142,0.21428571428571427,0.0,0.07142857142857142,3,High Risk
43-5061.00,"Production, Planning, and Expediting Clerks",2.0,0.5882352941176471,0.058823529411764705,0.0,0.17647058823529413,4,High Risk
43-5071.00,"Shipping, Receiving, and Inventory Clerks",2.0,0.2727272727272727,0.0,0.0,0.0,3,High Risk
43-5111.00,"Weighers, Measurers, Checkers, and Samplers, Recordkeeping",2.0,0.3888888888888889,0.2222222222222222,0.05555555555555555,0.0,3,High Risk
43-6011.00,Executive Secretaries and Executive Administrative Assistants,3.0,0.3181818181818182,0.0,0.045454545454545456,0.13636363636363635,2,Moderate Risk
43-6012.00,Legal Secretaries and Administrative Assistants,3.0,0.35714285714285715,0.0,0.07142857142857142,0.0,2,Moderate Risk
43-6013.00,Medical Secretaries and Administrative Assistants,2.0,0.6666666666666666,0.06666666666666667,0.06666666666666667,0.0,4,High Risk
43-6014.00,"Secretaries and Administrative Assistants, Except Legal, Medical, and Executive",2.0,0.2903225806451613,0.0967741935483871,0.03225806451612903,0.06451612903225806,3,High Risk
43-9021.00,Data Entry Keyers,2.0,0.3333333333333333,0.0,0.0,0.1111111111111111,3,High Risk
43-9022.00,Word Processors and Typists,2.0,0.42105263157894735,0.10526315789473684,0.0,0.05263157894736842,4,High Risk
43-9031.00,Desktop Publishers,3.0,0.2222222222222222,0.05555555555555555,0.0,0.2222222222222222,1,Low Risk
43-9041.00,Insurance Claims and Policy Processing Clerks,2.0,0.48,0.04,0.04,0.0,4,High Risk
43-9051.00,"Mail Clerks and Mail Machine Operators, Except Postal Service",2.0,0.11538461538461539,0.15384615384615385,0.038461538461538464,0.038461538461538464,3,High Risk
43-9061.00,"Office Clerks, General",2.0,0.45,0.05,0.05,0.0,4,High Risk
43-9071.00,"Office Machine Operators, Except Computer",2.0,0.2777777777777778,0.3333333333333333,0.0,0.0,3,High Risk
43-9081.00,Proofreaders and Copy Markers,4.0,0.36363636363636365,0.0,0.0,0.09090909090909091,2,Moderate Risk
43-9111.00,Statistical Assistants,4.0,0.2857142857142857,0.0,0.0,0.14285714285714285,2,Moderate Risk
43-9199.00,"Office and Administrative Support Workers, All Other",,0.0,0.0,0.0,0.0,2,Moderate Risk
45-1011.00,"First-Line Supervisors of Farming, Fishing, and Forestry Workers",3.0,0.4,0.13333333333333333,0.13333333333333333,0.23333333333333334,1,Low Risk
45-2011.00,Agricultural Inspectors,2.0,0.25,0.0625,0.0,0.25,2,Moderate Risk
45-2021.00,Animal Breeders,2.0,0.19047619047619047,0.047619047619047616,0.047619047619047616,0.047619047619047616,3,High Risk
45-2041.00,"Graders and Sorters, Agricultural Products",2.0,0.6,0.0,0.0,0.0,4,High Risk
45-2091.00,Agricultural Equipment Operators,2.0,0.11764705882352941,0.35294117647058826,0.058823529411764705,0.23529411764705882,2,Moderate Risk
45-2092.00,"Farmworkers and Laborers, Crop, Nursery, and Greenhouse",2.0,0.1111111111111111,0.2962962962962963,0.07407407407407407,0.48148148148148145,2,Moderate Risk
45-2093.00,"Farmworkers, Farm, Ranch, and Aquacultural Animals",2.0,0.15789473684210525,0.21052631578947367,0.05263157894736842,0.0,3,High Risk
45-2099.00,"Agricultural Workers, All Other",,0.0,0.0,0.0,0.0,2,Moderate Risk
45-3031.00,Fishing and Hunting Workers,2.0,0.06896551724137931,0.20689655172413793,0.034482758620689655,0.10344827586206896,3,High Risk
45-4011.00,Forest and Conservation Workers,2.0,0.058823529411764705,0.17647058823529413,0.058823529411764705,0.058823529411764705,3,High Risk
45-4021.00,Fallers,2.0,0.0,0.1111111111111111,0.05555555555555555,0.0,3,High Risk
45-4022.00,Logging Equipment Operators,2.0,0.2222222222222222,0.5555555555555556,0.0,0.0,3,High Risk
45-4023.00,Log Graders and Scalers,2.0,0.3333333333333333,0.16666666666666666,0.08333333333333333,0.08333333333333333,3,High Risk
45-4029.00,"Logging Workers, All Other",,0.0,0.0,0.0,0.0,2,Moderate Risk
47-1011.00,First-Line Supervisors of Construction Trades and Extraction Workers,3.0,0.13333333333333333,0.06666666666666667,0.06666666666666667,0.2,2,Moderate Risk
47-1011.03,Solar Energy Installation Managers,3.0,0.26666666666666666,0.6,0.06666666666666667,0.3333333333333333,1,Low Risk
47-2011.00,Boilermakers,2.0,0.05555555555555555,0.4444444444444444,0.0,0.05555555555555555,3,High Risk
47-2021.00,Brickmasons and Blockmasons,2.0,0.14285714285714285,0.35714285714285715,0.0,0.07142857142857142,3,High Risk
47-2022.00,Stonemasons,2.0,0.0,0.4375,0.0,0.0,3,High Risk
47-2031.00,Carpenters,2.0,0.06896551724137931,0.2413793103448276,0.10344827586206896,0.06896551724137931,2,Moderate Risk
47-2041.00,Carpet Installers,2.0,0.125,0.3125,0.0,0.0625,3,High Risk
47-2042.00,"Floor Layers, Except Carpet, Wood, and Hard Tiles",2.0,0.0,0.21428571428571427,0.0,0.07142857142857142,3,High Risk
47-2043.00,Floor Sanders and Finishers,2.0,0.0,0.2857142857142857,0.0,0.0,3,High Risk
47-2044.00,Tile and Stone Setters,2.0,0.0,0.24,0.08,0.12,3,High Risk
47-2051.00,Cement Masons and Concrete Finishers,2.0,0.07692307692307693,0.2692307692307692,0.038461538461538464,0.038461538461538464,3,High Risk
47-2053.00,Terrazzo Workers and Finishers,2.0,0.0,0.38461538461538464,0.07692307692307693,0.07692307692307693,3,High Risk
47-2061.00,Construction Laborers,2.0,0.07407407407407407,0.4074074074074074,0.037037037037037035,0.07407407407407407,3,High Risk
47-2071.00,"Paving, Surfacing, and Tamping Equipment Operators",2.0,0.0,0.5,0.05,0.0,3,High Risk
47-2072.00,Pile Driver Operators,2.0,0.2,0.8,0.2,0.0,2,Moderate Risk
47-2073.00,Operating Engineers and Other Construction Equipment Operators,2.0,0.11538461538461539,0.4230769230769231,0.07692307692307693,0.038461538461538464,3,High Risk
47-2081.00,Drywall and Ceiling Tile Installers,2.0,0.0,0.2692307692307692,0.0,0.038461538461538464,3,High Risk
47-2082.00,Tapers,2.0,0.0625,0.1875,0.0,0.0,3,High Risk
47-2111.00,Electricians,3.0,0.047619047619047616,0.38095238095238093,0.047619047619047616,0.09523809523809523,2,Moderate Risk
47-2121.00,Glaziers,2.0,0.0,0.48148148148148145,0.0,0.07407407407407407,3,High Risk
47-2131.00,"Insulation Workers, Floor, Ceiling, and Wall",2.0,0.0,0.2,0.0,0.0,3,High Risk
47-2132.00,"Insulation Workers, Mechanical",2.0,0.0,0.3333333333333333,0.1111111111111111,0.0,2,Moderate Risk
47-2141.00,"Painters, Construction and Maintenance",2.0,0.058823529411764705,0.17647058823529413,0.0,0.0,3,High Risk
47-2142.00,Paperhangers,2.0,0.05,0.15,0.0,0.05,3,High Risk
47-2151.00,Pipelayers,2.0,0.07142857142857142,0.2857142857142857,0.0,0.0,3,High Risk
47-2152.00,"Plumbers, Pipefitters, and Steamfitters",3.0,0.03333333333333333,0.5666666666666667,0.26666666666666666,0.16666666666666666,1,Low Risk
47-2152.04,Solar Thermal Installers and Technicians,3.0,0.09523809523809523,0.5238095238095238,0.0,0.09523809523809523,2,Moderate Risk
47-2161.00,Plasterers and Stucco Masons,2.0,0.0,0.3333333333333333,0.0,0.0,3,High Risk
47-2171.00,Reinforcing Iron and Rebar Workers,2.0,0.0,0.0,0.0,0.0,3,High Risk
47-2181.00,Roofers,2.0,0.0,0.2962962962962963,0.0,0.07407407407407407,3,High Risk
47-2211.00,Sheet Metal Workers,2.0,0.05263157894736842,0.42105263157894735,0.05263157894736842,0.05263157894736842,3,High Risk
47-2221.00,Structural Iron and Steel Workers,2.0,0.0,0.21052631578947367,0.0,0.0,3,High Risk
47-2231.00,Solar Photovoltaic Installers,2.0,0.07692307692307693,0.46153846153846156,0.07692307692307693,0.19230769230769232,3,High Risk
47-3011.00,"Helpers--Brickmasons, Blockmasons, Stonemasons, and Tile and Marble Setters",2.0,0.0,0.7333333333333333,0.06666666666666667,0.0,3,High Risk
47-3012.00,Helpers--Carpenters,2.0,0.0,0.4444444444444444,0.05555555555555555,0.0,3,High Risk
47-3013.00,Helpers--Electricians,2.0,0.0,0.32,0.08,0.0,3,High Risk
47-3014.00,"Helpers--Painters, Paperhangers, Plasterers, and Stucco Masons",2.0,0.09090909090909091,0.18181818181818182,0.09090909090909091,0.0,3,High Risk
47-3015.00,"Helpers--Pipelayers, Plumbers, Pipefitters, and Steamfitters",2.0,0.0,0.6666666666666666,0.26666666666666666,0.06666666666666667,2,Moderate Risk
47-3016.00,Helpers--Roofers,2.0,0.05555555555555555,0.4444444444444444,0.05555555555555555,0.0,3,High Risk
47-3019.00,"Helpers, Construction Trades, All Other",,0.0,0.0,0.0,0.0,2,Moderate Risk
47-4011.00,Construction and Building Inspectors,3.0,0.21052631578947367,0.21052631578947367,0.0,0.2631578947368421,1,Low Risk
47-4011.01,Energy Auditors,3.0,0.23809523809523808,0.14285714285714285,0.0,0.2857142857142857,1,Low Risk
47-4021.00,Elevator and Escalator Installers and Repairers,3.0,0.1,0.55,0.0,0.05,2,Moderate Risk
47-4031.00,Fence Erectors,2.0,0.0,0.15,0.1,0.0,3,High Risk
47-4041.00,Hazardous Materials Removal Workers,3.0,0.14285714285714285,0.47619047619047616,0.0,0.14285714285714285,2,Moderate Risk
47-4051.00,Highway Maintenance Workers,2.0,0.0,0.6842105263157895,0.0,0.05263157894736842,3,High Risk
47-4061.00,Rail-Track Laying and Maintenance Equipment Operators,2.0,0.0,0.4230769230769231,0.038461538461538464,0.0,3,High Risk
47-4071.00,Septic Tank Servicers and Sewer Pipe Cleaners,2.0,0.045454545454545456,0.5454545454545454,0.045454545454545456,0.045454545454545456,3,High Risk
47-4091.00,Segmental Pavers,2.0,0.08333333333333333,0.16666666666666666,0.0,0.16666666666666666,3,High Risk
47-4099.00,"Construction and Related Workers, All Other",,0.0,0.0,0.0,0.0,2,Moderate Risk
47-4099.03,Weatherization Installers and Technicians,2.0,0.1,0.3,0.05,0.0,3,High Risk
47-5011.00,"Derrick Operators, Oil and Gas",2.0,0.06666666666666667,0.13333333333333333,0.06666666666666667,0.0,3,High Risk
47-5012.00,"Rotary Drill Operators, Oil and Gas",2.0,0.1,0.25,0.05,0.0,3,High Risk
47-5013.00,"Service Unit Operators, Oil and Gas",2.0,0.05263157894736842,0.3157894736842105,0.0,0.05263157894736842,3,High Risk
47-5022.00,"Excavating and Loading Machine and Dragline Operators, Surface Mining",2.0,0.0,0.5,0.0625,0.0625,3,High Risk
47-5023.00,"Earth Drillers, Except Oil and Gas",2.0,0.10344827586206896,0.3448275862068966,0.0,0.13793103448275862,3,High Risk
47-5032.00,"Explosives Workers, Ordnance Handling Experts, and Blasters",2.0,0.07407407407407407,0.37037037037037035,0.037037037037037035,0.037037037037037035,3,High Risk
47-5041.00,Continuous Mining Machine Operators,2.0,0.13333333333333333,0.4,0.26666666666666666,0.06666666666666667,2,Moderate Risk
47-5043.00,"Roof Bolters, Mining",2.0,0.07142857142857142,0.21428571428571427,0.14285714285714285,0.0,2,Moderate Risk
47-5044.00,"Loading and Moving Machine Operators, Underground Mining",2.0,0.2,0.48,0.08,0.0,3,High Risk
47-5049.00,"Underground Mining Machine Operators, All Other",,0.0,0.0,0.0,0.0,2,Moderate Risk
47-5051.00,"Rock Splitters, Quarry",2.0,0.0,0.2222222222222222,0.0,0.0,3,High Risk
47-5071.00,"Roustabouts, Oil and Gas",2.0,0.0,0.5384615384615384,0.07692307692307693,0.0,3,High Risk
47-5081.00,Helpers--Extraction Workers,2.0,0.07142857142857142,0.2857142857142857,0.14285714285714285,0.0,2,Moderate Risk
47-5099.00,"Extraction Workers, All Other",,0.0,0.0,0.0,0.0,2,Moderate Risk
49-1011.00,"First-Line Supervisors of Mechanics, Installers, and Repairers",3.0,0.2727272727272727,0.2727272727272727,0.045454545454545456,0.3181818181818182,1,Low Risk
49-2011.00,"Computer, Automated Teller, and Office Machine Repairers",3.0,0.12,0.56,0.0,0.04,2,Moderate Risk
49-2021.00,"Radio, Cellular, and Tower Equipment Installers and Repairers",3.0,0.06666666666666667,0.3333333333333333,0.03333333333333333,0.06666666666666667,2,Moderate Risk
49-2022.00,"Telecommunications Equipment Installers and Repairers, Except Line Installers",3.0,0.02564102564102564,0.41025641025641024,0.05128205128205128,0.1282051282051282,2,Moderate Risk
49-2091.00,Avionics Technicians,3.0,0.15384615384615385,0.6153846153846154,0.07692307692307693,0.15384615384615385,2,Moderate Risk
49-2092.00,"Electric Motor, Power Tool, and Related Repairers",3.0,0.03225806451612903,0.4838709677419355,0.0,0.03225806451612903,2,Moderate Risk
49-2093.00,"Electrical and Electronics Installers and Repairers, Transportation Equipment",3.0,0.06666666666666667,0.6,0.06666666666666667,0.0,2,Moderate Risk
49-2094.00,"Electrical and Electronics Repairers, Commercial and Industrial Equipment",3.0,0.15,0.55,0.0,0.2,2,Moderate Risk
49-2095.00,"Electrical and Electronics Repairers, Powerhouse, Substation, and Relay",3.0,0.26666666666666666,0.26666666666666666,0.0,0.13333333333333333,2,Moderate Risk
49-2096.00,"Electronic Equipment Installers and Repairers, Motor Vehicles",3.0,0.08333333333333333,0.4166666666666667,0.0,0.0,2,Moderate Risk
49-2097.00,Audiovisual Equipment Installers and Repairers,3.0,0.18181818181818182,0.36363636363636365,0.0,0.09090909090909091,2,Moderate Risk
49-2098.00,Security and Fire Alarm Systems Installers,3.0,0.0625,0.25,0.0,0.1875,2,Moderate Risk
49-3011.00,Aircraft Mechanics and Service Technicians,3.0,0.13157894736842105,0.5,0.02631578947368421,0.10526315789473684,2,Moderate Risk
49-3021.00,Automotive Body and Related Repairers,2.0,0.04,0.56,0.0,0.04,3,High Risk
49-3022.00,Automotive Glass Installers and Repairers,2.0,0.05555555555555555,0.6111111111111112,0.0,0.0,3,High Risk
49-3023.00,Automotive Service Technicians and Mechanics,3.0,0.1,0.5,0.0,0.06666666666666667,2,Moderate Risk
49-3031.00,Bus and Truck Mechanics and Diesel Engine Specialists,3.0,0.038461538461538464,0.5,0.0,0.038461538461538464,2,Moderate Risk
49-3041.00,Farm Equipment Mechanics and Service Technicians,3.0,0.14285714285714285,0.7142857142857143,0.0,0.0,2,Moderate Risk
49-3042.00,"Mobile Heavy Equipment Mechanics, Except Engines",3.0,0.05,0.65,0.0,0.1,2,Moderate Risk
49-3043.00,Rail Car Repairers,2.0,0.1,0.75,0.0,0.0,3,High Risk
49-3051.00,Motorboat Mechanics and Service Technicians,3.0,0.15384615384615385,0.5384615384615384,0.07692307692307693,0.0,2,Moderate Risk
49-3052.00,Motorcycle Mechanics,3.0,0.07692307692307693,0.6153846153846154,0.0,0.0,2,Moderate Risk
49-3053.00,Outdoor Power Equipment and Other Small Engine Mechanics,2.0,0.07142857142857142,0.5714285714285714,0.0,0.0,3,High Risk
49-3091.00,Bicycle Repairers,2.0,0.0,0.5714285714285714,0.07142857142857142,0.0,3,High Risk
49-3092.00,Recreational Vehicle Service Technicians,2.0,0.0,0.5882352941176471,0.0,0.058823529411764705,3,High Risk
49-3093.00,Tire Repairers and Changers,2.0,0.08333333333333333,0.25,0.041666666666666664,0.0,3,High Risk
49-9011.00,Mechanical Door Repairers,2.0,0.0,0.48,0.0,0.0,3,High Risk
49-9012.00,"Control and Valve Installers and Repairers, Except Mechanical Door",3.0,0.09375,0.5,0.03125,0.03125,2,Moderate Risk
49-9021.00,"Heating, Air Conditioning, and Refrigeration Mechanics and Installers",3.0,0.1,0.6,0.03333333333333333,0.1,2,Moderate Risk
49-9031.00,Home Appliance Repairers,2.0,0.06896551724137931,0.5517241379310345,0.13793103448275862,0.0,2,Moderate Risk
49-9041.00,Industrial Machinery Mechanics,3.0,0.25,0.5625,0.0625,0.0625,2,Moderate Risk
49-9043.00,"Maintenance Workers, Machinery",3.0,0.05555555555555555,0.6666666666666666,0.05555555555555555,0.05555555555555555,2,Moderate Risk
49-9044.00,Millwrights,2.0,0.043478260869565216,0.34782608695652173,0.08695652173913043,0.043478260869565216,3,High Risk
49-9045.00,"Refractory Materials Repairers, Except Brickmasons",2.0,0.0,0.4,0.0,0.0,3,High Risk
49-9051.00,Electrical Power-Line Installers and Repairers,2.0,0.043478260869565216,0.30434782608695654,0.0,0.043478260869565216,3,High Risk
49-9052.00,Telecommunications Line Installers and Repairers,2.0,0.05263157894736842,0.3684210526315789,0.0,0.0,3,High Risk
49-9061.00,Camera and Photographic Equipment Repairers,3.0,0.13333333333333333,0.3333333333333333,0.0,0.13333333333333333,2,Moderate Risk
49-9062.00,Medical Equipment Repairers,3.0,0.15,0.35,0.0,0.3,1,Low Risk
49-9063.00,Musical Instrument Repairers and Tuners,3.0,0.0,0.375,0.0,0.08333333333333333,2,Moderate Risk
49-9064.00,Watch and Clock Repairers,3.0,0.13333333333333333,0.4,0.0,0.0,2,Moderate Risk
49-9069.00,"Precision Instrument and Equipment Repairers, All Other",,0.0,0.0,0.0,0.0,2,Moderate Risk
49-9071.00,"Maintenance and Repair Workers, General",3.0,0.1111111111111111,0.7777777777777778,0.0,0.07407407407407407,2,Moderate Risk
49-9081.00,Wind Turbine Service Technicians,3.0,0.0,0.4166666666666667,0.08333333333333333,0.16666666666666666,2,Moderate Risk
49-9091.00,"Coin, Vending, and Amusement Machine Servicers and Repairers",2.0,0.16666666666666666,0.5555555555555556,0.0,0.05555555555555555,3,High Risk
49-9092.00,Commercial Divers,3.0,0.13043478260869565,0.34782608695652173,0.17391304347826086,0.043478260869565216,1,Low Risk
49-9094.00,Locksmiths and Safe Repairers,2.0,0.07142857142857142,0.5714285714285714,0.0,0.0,3,High Risk
49-9095.00,Manufactured Building and Mobile Home Installers,2.0,0.0,0.5,0.0,0.21428571428571427,2,Moderate Risk
49-9096.00,Riggers,2.0,0.07142857142857142,0.35714285714285715,0.21428571428571427,0.0,2,Moderate Risk
49-9097.00,Signal and Track Switch Repairers,3.0,0.08333333333333333,0.5,0.0,0.08333333333333333,2,Moderate Risk
49-9098.00,"Helpers--Installation, Maintenance, and Repair Workers",2.0,0.0,0.5,0.125,0.0625,2,Moderate Risk
49-9099.00,"Installation, Maintenance, and Repair Workers, All Other",,0.0,0.0,0.0,0.0,2,Moderate Risk
49-9099.01,Geothermal Technicians,2.0,0.20833333333333334,0.375,0.0,0.3333333333333333,2,Moderate Risk
51-1011.00,First-Line Supervisors of Production and Operating Workers,3.0,0.4,0.05,0.05,0.3,2,Moderate Risk
51-2011.00,"Aircraft Structure, Surfaces, Rigging, and Systems Assemblers",2.0,0.037037037037037035,0.5185185185185185,0.037037037037037035,0.07407407407407407,3,High Risk
51-2021.00,"Coil Winders, Tapers, and Finishers",2.0,0.36363636363636365,0.2727272727272727,0.0,0.0,3,High Risk
51-2022.00,Electrical and Electronic Equipment Assemblers,2.0,0.0625,0.3125,0.0625,0.125,3,High Risk
51-2023.00,Electromechanical Equipment Assemblers,2.0,0.07142857142857142,0.35714285714285715,0.0,0.0,3,High Risk
51-2031.00,Engine and Other Machine Assemblers,2.0,0.0,0.5,0.0,0.08333333333333333,3,High Risk
51-2041.00,Structural Metal Fabricators and Fitters,2.0,0.08695652173913043,0.21739130434782608,0.0,0.043478260869565216,3,High Risk
51-2051.00,Fiberglass Laminators and Fabricators,2.0,0.1875,0.1875,0.0,0.0,3,High Risk
51-2061.00,Timing Device Assemblers and Adjusters,2.0,0.0,0.29411764705882354,0.058823529411764705,0.058823529411764705,3,High Risk
51-2092.00,Team Assemblers,2.0,0.18181818181818182,0.2727272727272727,0.18181818181818182,0.0,2,Moderate Risk
51-2099.00,"Assemblers and Fabricators, All Other",,0.0,0.0,0.0,0.0,2,Moderate Risk
51-3011.00,Bakers,2.0,0.2222222222222222,0.1111111111111111,0.05555555555555555,0.05555555555555555,3,High Risk
51-3021.00,Butchers and Meat Cutters,2.0,0.09090909090909091,0.0,0.09090909090909091,0.0,3,High Risk
51-3022.00,"Meat, Poultry, and Fish Cutters and Trimmers",2.0,0.16666666666666666,0.3333333333333333,0.0,0.0,3,High Risk
51-3023.00,Slaughterers and Meat Packers,2.0,0.14285714285714285,0.21428571428571427,0.0,0.0,3,High Risk
51-3091.00,"Food and Tobacco Roasting, Baking, and Drying Machine Operators and Tenders",2.0,0.21052631578947367,0.3157894736842105,0.15789473684210525,0.0,2,Moderate Risk
51-3092.00,Food Batchmakers,2.0,0.36,0.16,0.12,0.04,2,Moderate Risk
51-3093.00,Food Cooking Machine Operators and Tenders,2.0,0.35294117647058826,0.29411764705882354,0.058823529411764705,0.0,3,High Risk
51-3099.00,"Food Processing Workers, All Other",,0.0,0.0,0.0,0.0,2,Moderate Risk
51-4021.00,"Extruding and Drawing Machine Setters, Operators, and Tenders, Metal and Plastic",2.0,0.0625,0.25,0.0,0.0,3,High Risk
51-4022.00,"Forging Machine Setters, Operators, and Tenders, Metal and Plastic",2.0,0.0,0.38461538461538464,0.07692307692307693,0.0,3,High Risk
51-4023.00,"Rolling Machine Setters, Operators, and Tenders, Metal and Plastic",2.0,0.2631578947368421,0.3157894736842105,0.15789473684210525,0.05263157894736842,2,Moderate Risk
51-4031.00,"Cutting, Punching, and Press Machine Setters, Operators, and Tenders, Metal and Plastic",2.0,0.06451612903225806,0.25806451612903225,0.0,0.06451612903225806,3,High Risk
51-4032.00,"Drilling and Boring Machine Tool Setters, Operators, and Tenders, Metal and Plastic",2.0,0.0,0.29411764705882354,0.058823529411764705,0.0,3,High Risk
51-4033.00,"Grinding, Lapping, Polishing, and Buffing Machine Tool Setters, Operators, and Tenders, Metal and Plastic",2.0,0.0,0.2222222222222222,0.05555555555555555,0.0,3,High Risk
51-4034.00,"Lathe and Turning Machine Tool Setters, Operators, and Tenders, Metal and Plastic",2.0,0.05555555555555555,0.2777777777777778,0.05555555555555555,0.0,3,High Risk
51-4035.00,"Milling and Planing Machine Setters, Operators, and Tenders, Metal and Plastic",2.0,0.13333333333333333,0.26666666666666666,0.06666666666666667,0.06666666666666667,3,High Risk
51-4041.00,Machinists,3.0,0.1724137931034483,0.2413793103448276,0.034482758620689655,0.13793103448275862,2,Moderate Risk
51-4051.00,Metal-Refining Furnace Operators and Tenders,2.0,0.13333333333333333,0.3333333333333333,0.13333333333333333,0.0,2,Moderate Risk
51-4052.00,"Pourers and Casters, Metal",2.0,0.0,0.5,0.0625,0.0,3,High Risk
51-4061.00,"Model Makers, Metal and Plastic",3.0,0.1875,0.125,0.0,0.125,2,Moderate Risk
51-4062.00,"Patternmakers, Metal and Plastic",3.0,0.06666666666666667,0.26666666666666666,0.0,0.13333333333333333,2,Moderate Risk
51-4071.00,Foundry Mold and Coremakers,2.0,0.0,0.46153846153846156,0.0,0.0,3,High Risk
51-4072.00,"Molding, Coremaking, and Casting Machine Setters, Operators, and Tenders, Metal and Plastic",2.0,0.10344827586206896,0.3448275862068966,0.06896551724137931,0.034482758620689655,3,High Risk
51-4081.00,"Multiple Machine Tool Setters, Operators, and Tenders, Metal and Plastic",2.0,0.09523809523809523,0.3333333333333333,0.047619047619047616,0.047619047619047616,3,High Risk
51-4111.00,Tool and Die Makers,3.0,0.11764705882352941,0.23529411764705882,0.0,0.17647058823529413,2,Moderate Risk
51-4121.00,"Welders, Cutters, Solderers, and Brazers",2.0,0.06666666666666667,0.2,0.0,0.06666666666666667,3,High Risk
51-4122.00,"Welding, Soldering, and Brazing Machine Setters, Operators, and Tenders",2.0,0.27586206896551724,0.20689655172413793,0.034482758620689655,0.0,3,High Risk
51-4191.00,"Heat Treating Equipment Setters, Operators, and Tenders, Metal and Plastic",2.0,0.17391304347826086,0.30434782608695654,0.0,0.0,3,High Risk
51-4192.00,"Layout Workers, Metal and Plastic",2.0,0.07142857142857142,0.21428571428571427,0.0,0.21428571428571427,2,Moderate Risk
51-4193.00,"Plating Machine Setters, Operators, and Tenders, Metal and Plastic",2.0,0.15151515151515152,0.30303030303030304,0.06060606060606061,0.0,3,High Risk
51-4194.00,"Tool Grinders, Filers, and Sharpeners",2.0,0.1111111111111111,0.3333333333333333,0.0,0.05555555555555555,3,High Risk
51-4199.00,"Metal Workers and Plastic Workers, All Other",,0.0,0.0,0.0,0.0,2,Moderate Risk
51-5111.00,Prepress Technicians and Workers,3.0,0.13333333333333333,0.2,0.0,0.06666666666666667,2,Moderate Risk
51-5112.00,Printing Press Operators,2.0,0.34782608695652173,0.13043478260869565,0.0,0.0,3,High Risk
51-5113.00,Print Binding and Finishing Workers,2.0,0.08,0.28,0.0,0.12,3,High Risk
51-6011.00,Laundry and Dry-Cleaning Workers,2.0,0.043478260869565216,0.5652173913043478,0.0,0.13043478260869565,3,High Risk
51-6021.00,"Pressers, Textile, Garment, and Related Materials",2.0,0.03571428571428571,0.25,0.0,0.0,3,High Risk
51-6031.00,Sewing Machine Operators,2.0,0.07692307692307693,0.23076923076923078,0.0,0.038461538461538464,3,High Risk
51-6041.00,Shoe and Leather Workers and Repairers,2.0,0.038461538461538464,0.34615384615384615,0.0,0.038461538461538464,3,High Risk
51-6042.00,Shoe Machine Operators and Tenders,2.0,0.0,0.15789473684210525,0.0,0.05263157894736842,3,High Risk
51-6051.00,"Sewers, Hand",2.0,0.0,0.0,0.0,0.0,3,High Risk
51-6052.00,"Tailors, Dressmakers, and Custom Sewers",2.0,0.09090909090909091,0.18181818181818182,0.0,0.09090909090909091,3,High Risk
51-6061.00,Textile Bleaching and Dyeing Machine Operators and Tenders,2.0,0.5652173913043478,0.17391304347826086,0.043478260869565216,0.08695652173913043,4,High Risk
51-6062.00,"Textile Cutting Machine Setters, Operators, and Tenders",2.0,0.16666666666666666,0.3333333333333333,0.0,0.0,3,High Risk
51-6063.00,"Textile Knitting and Weaving Machine Setters, Operators, and Tenders",2.0,0.2631578947368421,0.42105263157894735,0.05263157894736842,0.0,3,High Risk
51-6064.00,"Textile Winding, Twisting, and Drawing Out Machine Setters, Operators, and Tenders",2.0,0.08695652173913043,0.30434782608695654,0.08695652173913043,0.0,3,High Risk
51-6091.00,"Extruding and Forming Machine Setters, Operators, and Tenders, Synthetic and Glass Fibers",2.0,0.23529411764705882,0.29411764705882354,0.17647058823529413,0.0,2,Moderate Risk
51-6092.00,Fabric and Apparel Patternmakers,3.0,0.0,0.0,0.0625,0.3125,1,Low Risk
51-6093.00,Upholsterers,2.0,0.045454545454545456,0.22727272727272727,0.0,0.13636363636363635,3,High Risk
51-6099.00,"Textile, Apparel, and Furnishings Workers, All Other",,0.0,0.0,0.0,0.0,2,Moderate Risk
51-7011.00,Cabinetmakers and Bench Carpenters,2.0,0.1,0.35,0.0,0.15,3,High Risk
51-7021.00,Furniture Finishers,2.0,0.045454545454545456,0.2727272727272727,0.0,0.2727272727272727,2,Moderate Risk
51-7031.00,"Model Makers, Wood",3.0,0.21428571428571427,0.14285714285714285,0.0,0.35714285714285715,1,Low Risk
51-7032.00,"Patternmakers, Wood",3.0,0.1,0.15,0.0,0.1,2,Moderate Risk
51-7041.00,"Sawing Machine Setters, Operators, and Tenders, Wood",2.0,0.09090909090909091,0.2727272727272727,0.0,0.13636363636363635,3,High Risk
51-7042.00,"Woodworking Machine Setters, Operators, and Tenders, Except Sawing",2.0,0.08,0.4,0.0,0.16,3,High Risk
51-7099.00,"Woodworkers, All Other",,0.0,0.0,0.0,0.0,2,Moderate Risk
51-8011.00,Nuclear Power Reactor Operators,3.0,0.15789473684210525,0.21052631578947367,0.0,0.10526315789473684,2,Moderate Risk
51-8012.00,Power Distributors and Dispatchers,3.0,0.5,0.07142857142857142,0.0,0.07142857142857142,3,High Risk
51-8013.00,Power Plant Operators,2.0,0.3,0.26666666666666666,0.06666666666666667,0.13333333333333333,3,High Risk
51-8013.03,Biomass Plant Technicians,2.0,0.3333333333333333,0.4444444444444444,0.0,0.2222222222222222,2,Moderate Risk
51-8013.04,Hydroelectric Plant Technicians,3.0,0.14285714285714285,0.42857142857142855,0.047619047619047616,0.7142857142857143,1,Low Risk
51-8021.00,Stationary Engineers and Boiler Operators,3.0,0.2,0.28,0.2,0.2,1,Low Risk
51-8031.00,Water and Wastewater Treatment Plant and System Operators,2.0,0.375,0.375,0.0,0.125,3,High Risk
51-8091.00,Chemical Plant and System Operators,2.0,0.3157894736842105,0.21052631578947367,0.0,0.10526315789473684,3,High Risk
51-8092.00,Gas Plant Operators,2.0,0.42105263157894735,0.15789473684210525,0.05263157894736842,0.15789473684210525,4,High Risk
51-8093.00,"Petroleum Pump System Operators, Refinery Operators, and Gaugers",2.0,0.5,0.3333333333333333,0.0,0.125,4,High Risk
51-8099.00,"Plant and System Operators, All Other",,0.0,0.0,0.0,0.0,2,Moderate Risk
51-8099.01,Biofuels Processing Technicians,2.0,0.7368421052631579,0.2631578947368421,0.0,0.05263157894736842,4,High Risk
51-9011.00,Chemical Equipment Operators and Tenders,2.0,0.2608695652173913,0.21739130434782608,0.13043478260869565,0.043478260869565216,2,Moderate Risk
51-9012.00,"Separating, Filtering, Clarifying, Precipitating, and Still Machine Setters, Operators, and Tenders",2.0,0.4,0.4,0.05,0.0,4,High Risk
51-9021.00,"Crushing, Grinding, and Polishing Machine Setters, Operators, and Tenders",2.0,0.14285714285714285,0.23809523809523808,0.047619047619047616,0.0,3,High Risk
51-9022.00,"Grinding and Polishing Workers, Hand",2.0,0.29411764705882354,0.4117647058823529,0.0,0.0,3,High Risk
51-9023.00,"Mixing and Blending Machine Setters, Operators, and Tenders",2.0,0.3,0.2,0.05,0.0,3,High Risk
51-9031.00,"Cutters and Trimmers, Hand",2.0,0.0,0.05555555555555555,0.0,0.0,3,High Risk
51-9032.00,"Cutting and Slicing Machine Setters, Operators, and Tenders",2.0,0.2,0.32,0.0,0.0,3,High Risk
51-9041.00,"Extruding, Forming, Pressing, and Compacting Machine Setters, Operators, and Tenders",2.0,0.19230769230769232,0.3076923076923077,0.038461538461538464,0.0,3,High Risk
51-9051.00,"Furnace, Kiln, Oven, Drier, and Kettle Operators and Tenders",2.0,0.5294117647058824,0.17647058823529413,0.058823529411764705,0.17647058823529413,4,High Risk
51-9061.00,"Inspectors, Testers, Sorters, Samplers, and Weighers",2.0,0.22580645161290322,0.22580645161290322,0.0,0.06451612903225806,3,High Risk
51-9071.00,Jewelers and Precious Stone and Metal Workers,3.0,0.1,0.1,0.03333333333333333,0.3333333333333333,1,Low Risk
51-9071.06,Gem and Diamond Workers,3.0,0.14285714285714285,0.07142857142857142,0.0,0.0,2,Moderate Risk
51-9081.00,Dental Laboratory Technicians,2.0,0.0,0.23529411764705882,0.0,0.11764705882352941,3,High Risk
51-9082.00,Medical Appliance Technicians,3.0,0.0,0.2,0.2,0.0,1,Low Risk
51-9083.00,Ophthalmic Laboratory Technicians,2.0,0.05555555555555555,0.2222222222222222,0.0,0.05555555555555555,3,High Risk
51-9111.00,Packaging and Filling Machine Operators and Tenders,2.0,0.2,0.3,0.05,0.0,3,High Risk
51-9123.00,"Painting, Coating, and Decorating Workers",2.0,0.0,0.3333333333333333,0.0,0.2222222222222222,2,Moderate Risk
51-9124.00,"Coating, Painting, and Spraying Machine Setters, Operators, and Tenders",2.0,0.10344827586206896,0.2413793103448276,0.034482758620689655,0.06896551724137931,3,High Risk
51-9141.00,Semiconductor Processing Technicians,2.0,0.45,0.2,0.05,0.05,4,High Risk
51-9151.00,Photographic Process Workers and Processing Machine Operators,2.0,0.37037037037037035,0.1111111111111111,0.0,0.14814814814814814,3,High Risk
51-9161.00,Computer Numerically Controlled Tool Operators,2.0,0.1111111111111111,0.25925925925925924,0.037037037037037035,0.07407407407407407,3,High Risk
51-9162.00,Computer Numerically Controlled Tool Programmers,2.0,0.125,0.0625,0.1875,0.125,2,Moderate Risk
51-9191.00,Adhesive Bonding Machine Operators and Tenders,2.0,0.125,0.3125,0.125,0.0625,2,Moderate Risk
51-9192.00,"Cleaning, Washing, and Metal Pickling Equipment Operators and Tenders",2.0,0.18181818181818182,0.45454545454545453,0.09090909090909091,0.09090909090909091,3,High Risk
51-9193.00,Cooling and Freezing Equipment Operators and Tenders,2.0,0.16666666666666666,0.1111111111111111,0.0,0.0,3,High Risk
51-9194.00,Etchers and Engravers,2.0,0.0,0.23076923076923078,0.0,0.4230769230769231,2,Moderate Risk
51-9195.00,"Molders, Shapers, and Casters, Except Metal and Plastic",2.0,0.0,0.2916666666666667,0.0,0.0,3,High Risk
51-9195.03,"Stone Cutters and Carvers, Manufacturing",2.0,0.0,0.125,0.0,0.4375,2,Moderate Risk
51-9195.04,"Glass Blowers, Molders, Benders, and Finishers",2.0,0.1875,0.125,0.0,0.125,3,High Risk
51-9195.05,"Potters, Manufacturing",3.0,0.0,0.17391304347826086,0.08695652173913043,0.08695652173913043,2,Moderate Risk
51-9196.00,"Paper Goods Machine Setters, Operators, and Tenders",2.0,0.07142857142857142,0.35714285714285715,0.07142857142857142,0.0,3,High Risk
51-9197.00,Tire Builders,2.0,0.2,0.05,0.0,0.05,3,High Risk
51-9198.00,Helpers--Production Workers,2.0,0.3,0.26666666666666666,0.1,0.03333333333333333,3,High Risk
51-9199.00,"Production Workers, All Other",,0.0,0.0,0.0,0.0,2,Moderate Risk
53-1041.00,Aircraft Cargo Handling Supervisors,2.0,0.3333333333333333,0.0,0.0,0.0,3,High Risk
53-1042.00,"First-Line Supervisors of Helpers, Laborers, and Material Movers, Hand",2.0,0.3333333333333333,0.041666666666666664,0.125,0.2916666666666667,1,Low Risk
53-1042.01,Recycling Coordinators,2.0,0.34782608695652173,0.17391304347826086,0.0,0.08695652173913043,3,High Risk
53-1043.00,First-Line Supervisors of Material-Moving Machine and Vehicle Operators,3.0,0.22727272727272727,0.13636363636363635,0.13636363636363635,0.22727272727272727,0,Low Risk
53-1044.00,First-Line Supervisors of Passenger Attendants,3.0,0.05263157894736842,0.05263157894736842,0.05263157894736842,0.2631578947368421,1,Low Risk
53-1049.00,"First-Line Supervisors of Transportation Workers, All Other",,0.0,0.0,0.0,0.0,2,Moderate Risk
53-2011.00,"Airline Pilots, Copilots, and Flight Engineers",4.0,0.3333333333333333,0.041666666666666664,0.0,0.20833333333333334,1,Low Risk
53-2012.00,Commercial Pilots,3.0,0.375,0.08333333333333333,0.041666666666666664,0.2916666666666667,1,Low Risk
53-2021.00,Air Traffic Controllers,3.0,0.21739130434782608,0.08695652173913043,0.0,0.17391304347826086,2,Moderate Risk
53-2022.00,Airfield Operations Specialists,3.0,0.14814814814814814,0.0,0.07407407407407407,0.2222222222222222,1,Low Risk
53-2031.00,Flight Attendants,2.0,0.16,0.08,0.2,0.08,2,Moderate Risk
53-3011.00,"Ambulance Drivers and Attendants, Except Emergency Medical Technicians",2.0,0.0,0.2727272727272727,0.2727272727272727,0.0,2,Moderate Risk
53-3031.00,Driver/Sales Workers,2.0,0.18181818181818182,0.2727272727272727,0.0,0.09090909090909091,3,High Risk
53-3032.00,Heavy and Tractor-Trailer Truck Drivers,2.0,0.1724137931034483,0.3448275862068966,0.034482758620689655,0.06896551724137931,3,High Risk
53-3033.00,Light Truck Drivers,2.0,0.07692307692307693,0.15384615384615385,0.0,0.07692307692307693,3,High Risk
53-3051.00,"Bus Drivers, School",2.0,0.17647058823529413,0.29411764705882354,0.0,0.0,3,High Risk
53-3052.00,"Bus Drivers, Transit and Intercity",2.0,0.2857142857142857,0.14285714285714285,0.07142857142857142,0.07142857142857142,3,High Risk
53-3053.00,Shuttle Drivers and Chauffeurs,2.0,0.19230769230769232,0.2692307692307692,0.07692307692307693,0.0,3,High Risk
53-3054.00,Taxi Drivers,2.0,0.0625,0.1875,0.125,0.0,2,Moderate Risk
53-3099.00,"Motor Vehicle Operators, All Other",,0.0,0.0,0.0,0.0,2,Moderate Risk
53-4011.00,Locomotive Engineers,2.0,0.42857142857142855,0.21428571428571427,0.14285714285714285,0.07142857142857142,3,High Risk
53-4013.00,"Rail Yard Engineers, Dinkey Operators, and Hostlers",2.0,0.08695652173913043,0.391304347826087,0.17391304347826086,0.0,2,Moderate Risk
53-4022.00,"Railroad Brake, Signal, and Switch Operators and Locomotive Firers",2.0,0.15384615384615385,0.19230769230769232,0.15384615384615385,0.0,2,Moderate Risk
53-4031.00,Railroad Conductors and Yardmasters,2.0,0.3,0.15,0.05,0.1,3,High Risk
53-4041.00,Subway and Streetcar Operators,2.0,0.4,0.3,0.0,0.0,4,High Risk
53-4099.00,"Rail Transportation Workers, All Other",,0.0,0.0,0.0,0.0,2,Moderate Risk
53-5011.00,Sailors and Marine Oilers,2.0,0.07142857142857142,0.2857142857142857,0.03571428571428571,0.03571428571428571,3,High Risk
53-5021.00,"Captains, Mates, and Pilots of Water Vessels",3.0,0.1,0.26666666666666666,0.13333333333333333,0.0,1,Low Risk
53-5022.00,Motorboat Operators,2.0,0.0,0.25,0.0625,0.0,3,High Risk
53-5031.00,Ship Engineers,3.0,0.4117647058823529,0.4117647058823529,0.058823529411764705,0.0,3,High Risk
53-6011.00,Bridge and Lock Tenders,2.0,0.16666666666666666,0.2222222222222222,0.16666666666666666,0.0,2,Moderate Risk
53-6021.00,Parking Attendants,2.0,0.13333333333333333,0.13333333333333333,0.13333333333333333,0.0,2,Moderate Risk
53-6031.00,Automotive and Watercraft Service Attendants,2.0,0.14285714285714285,0.35714285714285715,0.0,0.0,3,High Risk
53-6032.00,Aircraft Service Attendants,2.0,0.0,0.3333333333333333,0.0,0.05555555555555555,3,High Risk
53-6041.00,Traffic Technicians,3.0,0.17391304347826086,0.21739130434782608,0.043478260869565216,0.2608695652173913,1,Low Risk
53-6051.00,Transportation Inspectors,4.0,0.29411764705882354,0.0,0.058823529411764705,0.0,2,Moderate Risk
53-6051.01,Aviation Inspectors,3.0,0.23076923076923078,0.46153846153846156,0.07692307692307693,0.07692307692307693,2,Moderate Risk
53-6051.07,"Transportation Vehicle, Equipment and Systems Inspectors, Except Aviation",2.0,0.07142857142857142,0.14285714285714285,0.0,0.0,3,High Risk
53-6061.00,Passenger Attendants,2.0,0.16666666666666666,0.0,0.08333333333333333,0.0,3,High Risk
53-6099.00,"Transportation Workers, All Other",,0.0,0.0,0.0,0.0,2,Moderate Risk
53-7011.00,Conveyor Operators and Tenders,2.0,0.2,0.35,0.1,0.0,3,High Risk
53-7021.00,Crane and Tower Operators,3.0,0.2727272727272727,0.7272727272727273,0.09090909090909091,0.0,2,Moderate Risk
53-7031.00,Dredge Operators,2.0,0.0,0.3333333333333333,0.16666666666666666,0.0,2,Moderate Risk
53-7041.00,Hoist and Winch Operators,2.0,0.07692307692307693,0.38461538461538464,0.15384615384615385,0.0,2,Moderate Risk
53-7051.00,Industrial Truck and Tractor Operators,2.0,0.2222222222222222,0.7777777777777778,0.0,0.1111111111111111,3,High Risk
53-7061.00,Cleaners of Vehicles and Equipment,2.0,0.05,0.65,0.05,0.0,3,High Risk
53-7062.00,"Laborers and Freight, Stock, and Material Movers, Hand",2.0,0.07692307692307693,0.46153846153846156,0.0,0.0,3,High Risk
53-7062.04,Recycling and Reclamation Workers,2.0,0.21428571428571427,0.5714285714285714,0.0,0.07142857142857142,3,High Risk
53-7063.00,Machine Feeders and Offbearers,2.0,0.23076923076923078,0.23076923076923078,0.0,0.0,3,High Risk
53-7064.00,"Packers and Packagers, Hand",2.0,0.16666666666666666,0.3333333333333333,0.0,0.0,3,High Risk
53-7065.00,Stockers and Order Fillers,2.0,0.13333333333333333,0.1,0.03333333333333333,0.03333333333333333,3,High Risk
53-7071.00,Gas Compressor and Gas Pumping Station Operators,2.0,0.23076923076923078,0.3076923076923077,0.0,0.0,3,High Risk
53-7072.00,"Pump Operators, Except Wellhead Pumpers",2.0,0.35714285714285715,0.14285714285714285,0.07142857142857142,0.07142857142857142,3,High Risk
53-7073.00,Wellhead Pumpers,2.0,0.21428571428571427,0.21428571428571427,0.0,0.0,3,High Risk
53-7081.00,Refuse and Recyclable Material Collectors,2.0,0.14285714285714285,0.2857142857142857,0.07142857142857142,0.0,3,High Risk
53-7121.00,"Tank Car, Truck, and Ship Loaders",2.0,0.21052631578947367,0.42105263157894735,0.10526315789473684,0.0,2,Moderate Risk
53-7199.00,"Material Moving Workers, All Other",,0.0,0.0,0.0,0.0,2,Moderate Risk
55-1011.00,Air Crew Officers,,0.0,0.0,0.0,0.0,2,Moderate Risk
55-1012.00,Aircraft Launch and Recovery Officers,,0.0,0.0,0.0,0.0,2,Moderate Risk
55-1013.00,Armored Assault Vehicle Officers,,0.0,0.0,0.0,0.0,2,Moderate Risk
55-1014.00,Artillery and Missile Officers,,0.0,0.0,0.0,0.0,2,Moderate Risk
55-1015.00,Command and Control Center Officers,,0.0,0.0,0.0,0.0,2,Moderate Risk
55-1016.00,Infantry Officers,,0.0,0.0,0.0,0.0,2,Moderate Risk
55-1017.00,Special Forces Officers,,0.0,0.0,0.0,0.0,2,Moderate Risk
55-1019.00,"Military Officer Special and Tactical Operations Leaders, All Other",,0.0,0.0,0.0,0.0,2,Moderate Risk
55-2011.00,First-Line Supervisors of Air Crew Members,,0.0,0.0,0.0,0.0,2,Moderate Risk
55-2012.00,First-Line Supervisors of Weapons Specialists/Crew Members,,0.0,0.0,0.0,0.0,2,Moderate Risk
55-2013.00,First-Line Supervisors of All Other Tactical Operations Specialists,,0.0,0.0,0.0,0.0,2,Moderate Risk
55-3011.00,Air Crew Members,,0.0,0.0,0.0,0.0,2,Moderate Risk
55-3012.00,Aircraft Launch and Recovery Specialists,,0.0,0.0,0.0,0.0,2,Moderate Risk
55-3013.00,Armored Assault Vehicle Crew Members,,0.0,0.0,0.0,0.0,2,Moderate Risk
55-3014.00,Artillery and Missile Crew Members,,0.0,0.0,0.0,0.0,2,Moderate Risk
55-3015.00,Command and Control Center Specialists,,0.0,0.0,0.0,0.0,2,Moderate Risk
55-3016.00,Infantry,,0.0,0.0,0.0,0.0,2,Moderate Risk
55-3018.00,Special Forces,,0.0,0.0,0.0,0.0,2,Moderate Risk
55-3019.00,"Military Enlisted Tactical Operations and Air/Weapons Specialists and Crew Members, All Other",,0.0,0.0,0.0,0.0,2,Moderate Risk
